,Kanton,Year,Population,Divorces_p1k,Pre_school_p1k,Primary_school_p1k,Secondary_school_p1k,SP,CVP,SVP
26,Aargau,1999,540639.0,2.6875604608620542,23.699733093616995,62.02845151755608,51.34849687129489,21.7,17.3,21.9
27,Aargau,2000,544306.0,1.4330174570921503,23.54006753554067,61.610564645622134,51.00256105940409,21.7,17.3,21.9
28,Aargau,2001,550298.0,1.9353150474833636,23.201974203068158,59.83667031317577,50.09285877833465,18.6,15.0,33.5
29,Aargau,2002,555782.0,2.092547077811084,22.985631056781255,58.53374164690472,50.082586337808706,18.6,15.0,33.5
30,Aargau,2003,560674.0,2.1884374877379726,22.166178563657315,57.204364746715555,50.771036288467094,18.6,15.0,33.5
31,Aargau,2003,560674.0,2.1884374877379726,21.729204493163586,56.23588752109069,51.07245921872603,18.6,15.0,33.5
33,Aargau,2005,569344.0,2.6785212455035974,20.9996065647482,54.337974932553955,49.83454642535971,19.7,17.5,30.3
34,Aargau,2006,574813.0,2.806129993580521,20.166558515552016,53.08161088910655,48.887203316556864,19.7,17.5,30.3
35,Aargau,2007,581562.0,2.4984438460559666,19.765734349905944,51.942871095429204,47.52889631715965,19.7,17.5,30.3
36,Aargau,2008,591632.0,2.391689428563702,20.01751088514482,50.84748627525219,46.30750196067826,19.7,17.5,30.3
37,Aargau,2009,600040.0,2.348176788214119,20.333644423705085,49.87667488834078,45.763615758949406,15.7,15.0,31.9
38,Aargau,2010,611466.0,2.7720265722051596,19.808133240441826,48.674824111234315,44.6239038638289,15.7,15.0,31.9
39,Aargau,2011,618298.0,2.068581816535069,19.571468773956894,48.09493157021372,43.99496682829315,15.7,15.0,31.9
40,Aargau,2012,627340.0,1.978193643000606,19.53326744667963,47.304491982019314,42.63238435298243,15.7,15.0,31.9
41,Aargau,2013,636362.0,1.9202906521759628,20.77591056662717,47.160264126393464,41.36953495023273,15.7,15.0,31.9
42,Aargau,2014,645277.0,1.9201056290554288,21.359819116441468,56.49976676683037,30.938651152915725,15.7,15.0,31.9
43,Aargau,2014,645277.0,1.9201056290554288,21.359819116441468,56.49976676683037,30.938651152915725,15.7,15.0,31.9
44,Aargau,2015,653675.0,1.990285692431254,21.40207289555207,57.84219986996597,30.10670440203465,15.7,15.0,31.9
45,Aargau,2016,663462.0,1.950375454811278,21.2039272784274,59.24378487388878,29.472675149443376,18.9,12.1,31.9
46,Aargau,2017,670988.0,1.7824461838363725,21.141957829350154,63.01752043255617,30.633930860164416,18.9,12.1,31.9
47,Aargau,2018,678207.0,1.8696356717049514,20.88890265066565,63.799105582808785,30.15745930077395,18.9,12.1,31.9
48,Aargau,2019,685845.0,2.028155049610335,21.0280748565638,64.00863168791783,30.4150354671974,18.9,12.1,31.9
49,Aargau,2020,694072.0,1.736131121843267,21.343607003308016,64.20947682661163,30.296568655701428,16.3,12.8,30.1
87,Basel-Landschaft,1999,258602.0,3.1708958167376897,21.152195265311175,53.22851331389548,45.37474574829274,24.8,13.0,15.9
88,Basel-Landschaft,2000,260036.0,0.8998754018674338,21.035548923995137,52.93497823378301,45.124521220138746,24.8,13.0,15.9
89,Basel-Landschaft,2001,261083.0,2.0031943864594783,20.92438036946105,51.72684548591827,44.84780701922377,24.8,13.0,15.9
90,Basel-Landschaft,2002,262949.0,1.973766776066842,20.60095303652039,50.91101316224819,44.58278981855797,24.8,13.0,15.9
91,Basel-Landschaft,2003,264402.0,2.0763836884743685,20.540691825326583,50.18494565094061,44.37182774714261,25.9,11.3,21.8
92,Basel-Landschaft,2003,264402.0,2.0763836884743685,20.38184279997882,48.81960045688005,44.33400655063124,25.9,11.3,21.8
94,Basel-Landschaft,2005,266089.0,2.7321685601434105,19.54233358011793,48.24325695537959,43.767310937317966,25.9,11.3,21.8
95,Basel-Landschaft,2006,267166.0,2.8671312966470284,19.059311439329857,47.55844680835136,43.078086283434274,25.9,11.3,21.8
96,Basel-Landschaft,2007,269145.0,2.340745694699883,18.08690482825243,46.87064593434766,42.30804956436122,22.9,12.1,22.5
97,Basel-Landschaft,2008,271214.0,2.57361345653248,17.665017292617637,45.948955437403676,41.26999343691697,22.9,12.1,22.5
98,Basel-Landschaft,2009,272815.0,2.2139545112988652,17.81793523083408,45.03784615948537,40.70157432692484,22.9,12.1,22.5
99,Basel-Landschaft,2010,274404.0,2.4890307721461786,17.394061311059605,45.87396685179517,41.46076587804842,22.9,12.1,22.5
100,Basel-Landschaft,2011,275360.0,2.1390180127832656,17.838466008134805,44.2765833817548,41.429401510749564,22.0,9.3,24.0
101,Basel-Landschaft,2012,276537.0,2.129913899405866,18.684660642156384,44.305102029746465,41.17351385167265,22.0,9.3,24.0
102,Basel-Landschaft,2013,278656.0,2.0024689940284794,19.278249885163067,44.81511254019293,40.51231626090951,22.0,9.3,24.0
103,Basel-Landschaft,2014,281301.0,1.9267617249849804,19.310276181030286,45.627281808454285,39.58037831362135,22.0,9.3,24.0
104,Basel-Landschaft,2014,281301.0,1.9267617249849804,19.310276181030286,45.627281808454285,39.58037831362135,22.0,9.3,24.0
105,Basel-Landschaft,2015,283231.0,1.8536106570255373,19.29873495486017,55.191698648806096,29.555380590401473,22.0,9.6,26.7
106,Basel-Landschaft,2016,285624.0,1.995630619275691,19.09153292440411,56.51135758899812,29.115200403327453,22.0,9.6,26.7
107,Basel-Landschaft,2017,287023.0,1.7141483435125409,19.482759221386438,61.078728882354376,30.499297965668255,22.0,9.6,26.7
108,Basel-Landschaft,2018,288132.0,2.051143226021407,19.279358071994782,61.61412130551275,30.250024294420612,22.0,9.6,26.7
109,Basel-Landschaft,2019,289468.0,1.768762004781185,19.014191551397737,61.816850221786176,30.9636989235425,22.8,9.3,22.7
110,Basel-Landschaft,2020,290969.0,1.8971093140506377,18.75801202189924,61.4257876268606,31.896868738594147,22.8,9.3,22.7
140,Basel-Stadt,2000,187667.0,1.2149179131120547,17.776167360271117,33.351628149861185,43.82230226944535,26.0,9.9,10.0
141,Basel-Stadt,2001,186469.0,2.7886672851787697,16.458499804257006,32.745389314041475,42.248309370458365,26.0,9.9,10.0
142,Basel-Stadt,2002,186719.0,2.5546409310246947,16.350773086831012,31.65719610751985,43.203958890096885,26.0,9.9,10.0
143,Basel-Stadt,2003,186653.0,2.6894826228348863,16.233331368903794,31.19156938275838,43.83535223114549,26.0,9.9,10.0
144,Basel-Stadt,2003,186653.0,2.6894826228348863,16.672649247534196,30.67188847754925,43.11208499193691,26.0,9.9,10.0
146,Basel-Stadt,2005,185601.0,3.1519226728304264,16.109826994466623,31.169013097989776,43.0062338026196,31.2,8.1,12.1
147,Basel-Stadt,2006,184822.0,3.2355455519364575,15.77734252415838,30.266959561091213,43.44720866563504,31.2,8.1,12.1
148,Basel-Stadt,2007,185227.0,3.1690844207377973,15.483703779686547,29.46654645381073,42.88251712763258,31.2,8.1,12.1
149,Basel-Stadt,2008,186672.0,2.8231336247535785,16.07096940087426,28.884889003171338,41.76309248307191,28.2,9.3,13.9
150,Basel-Stadt,2009,187898.0,2.9484081789055767,16.65265197075009,27.951335298938783,41.00096861062917,28.2,9.3,13.9
151,Basel-Stadt,2010,184950.0,3.498242768315761,16.35036496350365,30.240605569072724,41.351716680183834,28.2,9.3,13.9
152,Basel-Stadt,2011,186255.0,2.2066521704115325,16.890821722906765,30.32938713054683,40.976081179028746,28.2,9.3,13.9
153,Basel-Stadt,2012,187425.0,2.3956249166333197,17.628384687208218,30.860344137655062,40.13338668800854,30.7,7.3,15.0
154,Basel-Stadt,2013,189335.0,2.1760371827712786,17.688224575487894,39.78133995299337,31.938099136451264,30.7,7.3,15.0
155,Basel-Stadt,2014,190580.0,2.1250918249553994,18.24430685276524,47.6282925805436,23.64361423024452,30.7,7.3,15.0
156,Basel-Stadt,2014,190580.0,2.1250918249553994,18.24430685276524,47.6282925805436,23.64361423024452,30.7,7.3,15.0
157,Basel-Stadt,2015,191817.0,2.1478805319653627,19.164099115302605,48.958121542928936,23.308674413633828,30.7,7.3,15.0
158,Basel-Stadt,2016,193070.0,2.139120526234008,19.112239084269955,49.40177137825659,23.19883979903662,32.5,5.9,14.3
159,Basel-Stadt,2017,193908.0,1.7946655114796708,18.957443736204798,52.3495678362935,24.351754440250016,32.5,5.9,14.3
160,Basel-Stadt,2018,194766.0,1.8535062587926023,18.93040879825021,53.4795600874896,23.84399741227935,32.5,5.9,14.3
161,Basel-Stadt,2019,195844.0,2.0118053144339374,19.316394681481178,54.42597169175466,24.412287330732624,32.5,5.9,14.3
162,Basel-Stadt,2020,196735.0,1.9213663049279488,19.823620606399473,54.24047576689455,24.886268330495337,30.0,6.3,11.0
190,Bern,1999,943427.0,2.9011253652905844,15.568772146652577,68.26177330095493,32.98718395805929,25.9,0.9,31.7
191,Bern,2000,943696.0,1.0660212610840778,15.564334277140096,68.24231532188332,32.97778098031569,25.9,0.9,31.7
192,Bern,2001,946310.0,1.9359406536969914,15.488581965740615,66.52154156671703,33.11177098413839,25.9,0.9,31.7
193,Bern,2002,949590.0,1.99033266988911,15.573036784296379,65.83472867237438,33.41863330490001,26.1,1.0,31.8
194,Bern,2003,951957.0,2.0935819580086075,15.565829128836702,64.81490235378278,33.77043290820909,26.1,1.0,31.8
195,Bern,2003,951957.0,2.0935819580086075,15.774872184352866,63.16356726196666,33.959517079027734,26.1,1.0,31.8
197,Bern,2005,957064.0,2.8994926149139455,16.172377186896593,61.12443890899668,34.03952086798793,26.1,1.0,31.8
198,Bern,2006,958897.0,2.730220242632942,16.180048534931277,60.017916418551735,33.52914859468744,24.0,1.8,27.4
199,Bern,2007,962982.0,2.4943353042943692,15.987837778899294,58.61687965091767,32.77112137090828,24.0,1.8,27.4
200,Bern,2008,969299.0,2.4068940543629984,16.06934495960483,56.940118580541196,31.902436709415774,24.0,1.8,27.4
201,Bern,2009,974235.0,2.43575728648632,16.414930689207427,55.645711763588864,31.557067853238696,24.0,1.8,27.4
202,Bern,2010,979802.0,2.768926783166395,16.71256029279385,54.93456841280177,31.126697026542097,18.9,1.3,26.6
203,Bern,2011,985046.0,2.293293917238383,16.79515474404241,53.91017272289822,30.42294471527218,18.9,1.3,26.6
204,Bern,2012,992617.0,2.3030030716782,17.43069079010333,52.99224172062336,29.40409039941891,18.9,1.3,26.6
205,Bern,2013,1001281.0,2.159234021218819,18.862836706179383,52.23808301565695,28.655292570217554,18.9,1.3,26.6
206,Bern,2014,1009418.0,2.0358265852203945,19.72126512505226,53.965750561214485,28.26480209387984,19.1,0.8,29.0
207,Bern,2014,1009418.0,2.0358265852203945,19.72126512505226,53.965750561214485,28.26480209387984,19.1,0.8,29.0
208,Bern,2015,1017483.0,2.051139920765261,20.016059236370534,54.709513574182566,27.68694906941934,19.1,0.8,29.0
209,Bern,2016,1026513.0,2.0301739968222514,19.40452775561537,55.798611415539796,26.99527429267822,19.1,0.8,29.0
210,Bern,2017,1031126.0,1.8911364857447102,19.32159600281634,58.7212426027469,28.111986313990723,19.1,0.8,29.0
211,Bern,2018,1034977.0,1.8483502531940323,19.41975522161362,59.23803137654267,28.11849925167419,19.1,0.8,29.0
212,Bern,2019,1039474.0,1.8615184218171883,19.44156371395533,59.684032501053416,28.353763538097155,19.1,0.8,29.0
213,Bern,2020,1043132.0,1.931682663363793,19.794235053665307,59.7191918184851,28.69818968260968,19.1,0.8,29.0
244,Freiburg,1999,234307.0,2.3857588548357493,15.872338427789183,80.45854370548042,38.27030349071944,23.2,33.6,8.4
245,Freiburg,2000,236339.0,1.895582193374771,15.735870931162442,79.76677569085086,37.941262339266906,23.2,33.6,8.4
246,Freiburg,2001,240339.0,2.230183199563949,15.465654762647759,80.76092519316465,38.49146414023525,19.6,33.5,11.8
247,Freiburg,2002,243400.0,2.230895645028759,14.843878389482333,81.32703368940017,39.00575184880854,19.6,33.5,11.8
248,Freiburg,2003,246656.0,2.3068565127140634,14.396568500259471,80.4683445770628,40.20984691229891,19.6,33.5,11.8
249,Freiburg,2003,246656.0,2.3068565127140634,14.729015308770109,80.18454852101712,41.54368837571354,19.6,33.5,11.8
251,Freiburg,2005,253954.0,2.807595076273656,14.030099939359097,77.94718728588643,42.015483118990055,19.6,33.5,11.8
252,Freiburg,2006,258252.0,2.6098539411117825,13.85081238480244,76.46794603720397,41.68796369437604,21.0,30.6,16.0
253,Freiburg,2007,263241.0,2.6401662355028286,13.865621236813414,74.99591628963573,40.41163800471811,21.0,30.6,16.0
254,Freiburg,2008,268537.0,2.5769260846736204,13.45438431203149,73.53549045382945,39.91256325943911,21.0,30.6,16.0
255,Freiburg,2009,273159.0,2.555288311935539,17.297617870910347,71.92880337093048,39.44222961718267,21.0,30.6,16.0
256,Freiburg,2010,278493.0,2.621250803431325,18.811962957776316,71.09693959991813,38.887871508440064,21.0,30.6,16.0
257,Freiburg,2011,284668.0,2.3852347295797207,18.93785040819481,70.16243483637079,38.20239717846754,24.3,26.6,18.6
258,Freiburg,2012,291395.0,2.2546714940201444,20.405291786063593,69.19130390020419,37.32733917877795,24.3,26.6,18.6
259,Freiburg,2013,297622.0,2.0730994348536065,23.422327650509708,68.50300045023553,37.0839521271949,24.3,26.6,18.6
260,Freiburg,2014,303377.0,2.063439219189325,23.297745049888423,68.01108851363155,35.312498969928505,24.3,26.6,18.6
261,Freiburg,2014,303377.0,2.063439219189325,23.297745049888423,68.01108851363155,35.312498969928505,24.3,26.6,18.6
262,Freiburg,2015,307461.0,1.9417096802521296,23.189933032156922,68.00212059415665,34.527956391217096,24.3,26.6,18.6
263,Freiburg,2016,311914.0,2.0454356008386925,22.467731490090216,67.63082131613201,34.57042646370474,23.6,23.7,19.7
264,Freiburg,2017,315074.0,1.8884452541307755,21.86153094193745,69.38687419463365,36.159759294641894,23.6,23.7,19.7
265,Freiburg,2018,318714.0,1.8637399047421825,22.035429883845705,68.99602778666768,35.94445176553273,23.6,23.7,19.7
266,Freiburg,2019,321783.0,1.9454104163364752,22.449911897148077,68.14530289045723,35.24114076877896,23.6,23.7,19.7
267,Freiburg,2020,325496.0,1.8402683903949666,22.56863371592892,67.0791653353651,35.38906776120137,23.6,23.7,19.7
296,Genf,1999,403067.0,3.351800072940727,22.77536985166238,69.99828812579547,30.255515832355414,20.6,11.2,0.0
297,Genf,2000,408820.0,2.402035125483098,22.454870113986598,69.01325766841153,29.829753925933176,20.6,11.2,0.0
298,Genf,2001,413618.0,2.57483958628493,23.004317993897754,70.39587252005474,31.555686648066573,17.8,11.7,10.4
299,Genf,2002,418747.0,2.6746460273148225,22.23060702524436,70.64408819645276,32.52799423040643,17.8,11.7,10.4
300,Genf,2003,423993.0,2.502399803770345,22.02158997907984,70.12144068416224,33.55951631276932,17.8,11.7,10.4
301,Genf,2003,423993.0,2.502399803770345,22.422539994764065,69.81247331913498,34.58783517652414,17.8,11.7,10.4
303,Genf,2005,430638.0,2.9049921279589817,22.076546890892118,69.2716388242561,34.8668719434885,14.6,9.8,9.6
304,Genf,2006,433235.0,3.02376308469999,21.939593984788853,68.96257227601649,34.98101492261706,14.6,9.8,9.6
305,Genf,2007,438177.0,2.9029364845713035,21.078240071934403,68.17564591477873,34.45183110934622,14.6,9.8,9.6
306,Genf,2008,446106.0,2.7347760397753,20.822405437272757,67.69915670266707,34.06141141343089,14.6,9.8,9.6
307,Genf,2009,453292.0,2.671567113472111,21.2909118184305,66.05675811618119,34.05310484191205,12.9,9.9,8.6
308,Genf,2010,457715.0,3.08051953726664,20.672252384125493,65.59103372185749,33.75244420654774,12.9,9.9,8.6
309,Genf,2011,460534.0,2.5057867605866235,19.740127764725298,64.70532034551195,33.736922789631166,12.9,9.9,8.6
310,Genf,2012,463101.0,2.610661605135813,19.766746346909205,64.32074212752725,32.794142098591884,12.9,9.9,8.6
311,Genf,2013,469433.0,2.6052706136978014,20.369253972345362,62.91845694699776,32.430613101337144,14.3,10.6,10.3
312,Genf,2014,477385.0,2.4403783110068393,20.775684196193847,60.952899651224904,32.692690386166305,14.3,10.6,10.3
313,Genf,2014,477385.0,2.4403783110068393,20.775684196193847,60.952899651224904,32.692690386166305,14.3,10.6,10.3
314,Genf,2015,484736.0,2.3600475310271984,21.069200554528653,61.212701346712436,32.12263995246897,14.3,10.6,10.3
315,Genf,2016,489524.0,2.3001936575121955,20.66905810542486,60.90406190503428,32.05562955033869,14.3,10.6,10.3
316,Genf,2017,495249.0,2.3180258819300996,21.296357993655715,63.96378387437431,33.53464620827099,14.3,10.6,10.3
317,Genf,2018,499480.0,2.418515255866101,21.692560262673183,64.5070873708657,33.661007447745654,15.3,10.7,7.3
318,Genf,2019,504128.0,2.245461470102831,21.754395709026277,65.505189158309,32.957899581058776,15.3,10.7,7.3
319,Genf,2020,506343.0,2.144791179101913,21.43211222432225,66.60504835654882,32.485884074629254,15.3,10.7,7.3
347,Glarus,1999,38708.0,2.867624263718094,24.93024697736902,77.60669629017256,38.0541490131239,15.6,14.6,26.6
348,Glarus,2000,38546.0,0.7264048150262025,25.03502308929591,77.93285944066828,38.21408187619986,15.6,14.6,26.6
349,Glarus,2001,38216.0,1.7531923801549087,23.28867490056521,75.36110529621101,38.20389365710697,15.6,14.6,26.6
350,Glarus,2002,38322.0,1.6700589739575178,24.085381765043575,73.29993215385417,40.08141537498043,18.7,14.0,26.3
351,Glarus,2003,38502.0,1.9998961092930236,22.466365383616434,71.76250584385227,40.30959430678926,18.7,14.0,26.3
352,Glarus,2003,38502.0,1.9998961092930236,20.75216871850813,69.9444184717677,38.77720637888941,18.7,14.0,26.3
354,Glarus,2005,38173.0,2.3838838969952585,19.77837738715846,69.1588295392031,38.90184161580174,18.7,14.0,26.3
355,Glarus,2006,38084.0,2.28442390505199,20.034660224766306,65.95945804012183,38.25753597311206,14.7,14.0,31.0
356,Glarus,2007,38237.0,2.2491304234118785,18.882234484922982,63.73407955645057,37.921385045897956,14.7,14.0,31.0
357,Glarus,2008,38370.0,2.215272348188689,18.191295282772998,60.90695856137607,36.512900703674745,14.7,14.0,31.0
358,Glarus,2009,38479.0,2.105044309883313,18.3216819563918,58.60339405909717,35.91569427479924,14.7,14.0,31.0
359,Glarus,2010,38608.0,1.968503937007874,19.68503937007874,56.20596767509325,35.0445503522586,13.9,10.7,26.3
360,Glarus,2011,39217.0,1.3769538720452865,20.220822602442816,54.721166840910826,34.24535278068185,13.9,10.7,26.3
361,Glarus,2012,39369.0,2.057456374304656,19.558535903883765,55.04330818664432,32.055678325586115,13.9,10.7,26.3
362,Glarus,2013,39593.0,1.7427323011643472,18.841714444472505,54.47932715378981,30.737756674159574,13.9,10.7,26.3
363,Glarus,2014,39794.0,1.759059154646429,18.5706387897673,54.480574961049406,29.7029702970297,11.5,8.9,28.8
364,Glarus,2014,39794.0,1.759059154646429,18.5706387897673,54.480574961049406,29.7029702970297,11.5,8.9,28.8
365,Glarus,2015,40028.0,1.9986009793144799,18.661936644348955,53.48755870890377,29.904067152992905,11.5,8.9,28.8
366,Glarus,2016,40147.0,1.9926769123471242,18.307719132189206,54.7238897053329,29.068174458863673,11.5,8.9,28.8
367,Glarus,2017,40349.0,1.4126744157228184,18.786091352945547,58.687947656695336,28.724379786363976,11.5,8.9,28.8
368,Glarus,2018,40403.0,1.6335420637081406,19.206494567235108,58.43625473355939,29.304754597430886,12.8,9.4,25.3
369,Glarus,2019,40590.0,1.4289233801428924,20.374476472037447,57.8960335057896,30.22912047302291,12.8,9.4,25.3
370,Glarus,2020,40851.0,1.5177107047563096,21.00315781743409,58.13811167413282,31.382340701574016,12.8,9.4,25.3
397,Jura,1999,68818.0,2.6010636752012553,25.458455636606704,78.11909674794386,35.89177250138045,21.9,31.7,2.3
398,Jura,2000,68794.0,0.8867052359217373,25.46733726778498,78.14634997238132,35.90429397912609,21.9,31.7,2.3
399,Jura,2001,68930.0,1.2041201218627593,24.76425359059916,77.6584941244741,36.16712606992601,21.9,31.7,2.3
400,Jura,2002,69074.0,1.4621999594637634,24.52442308249124,77.46764339693662,37.61183658105799,23.9,31.3,5.2
401,Jura,2003,69064.0,2.244295146530754,24.614849994208267,77.31958762886599,37.77655507934669,23.9,31.3,5.2
402,Jura,2003,69064.0,2.244295146530754,24.571412023630256,75.82821730568747,38.58739719680297,23.9,31.3,5.2
404,Jura,2005,69110.0,2.4453769353205037,23.42642164665027,75.21342786861526,39.039212849081174,23.9,31.3,5.2
405,Jura,2006,69292.0,2.6698608786007045,22.989666916815793,74.69837787912024,39.09542227096923,19.8,30.1,5.8
406,Jura,2007,69555.0,2.300337862123499,22.227014592768313,73.82646826252606,37.26547336640069,19.8,30.1,5.8
407,Jura,2008,69822.0,2.4777290825241325,20.609549998567786,72.48431726389963,36.96542636991206,19.8,30.1,5.8
408,Jura,2009,70134.0,2.566515527418941,20.261214247012862,71.62004163458522,36.87227307725212,19.8,30.1,5.8
409,Jura,2010,70032.0,2.970070824765821,21.233150559744118,68.59721270276445,37.08304774960018,21.2,28.9,6.4
410,Jura,2011,70542.0,2.636727056221825,19.87468458506989,64.99673953105952,37.01341045051175,21.2,28.9,6.4
411,Jura,2012,70942.0,2.2271714922048997,18.83228552902371,65.65927095373686,36.565081334047534,21.2,28.9,6.4
412,Jura,2013,71738.0,2.3279154701831666,21.29972957149628,64.45677325824528,36.006021913072566,21.2,28.9,6.4
413,Jura,2014,72410.0,2.195829305344566,19.941996961745613,63.8447728214335,34.29084380610413,21.2,28.9,6.4
414,Jura,2014,72410.0,2.195829305344566,19.941996961745613,63.8447728214335,34.29084380610413,21.2,28.9,6.4
415,Jura,2015,72782.0,2.129647440301173,19.853810007969003,64.54892693248331,34.67890412464621,20.0,26.8,8.5
416,Jura,2016,73122.0,2.215475506687454,19.515330543475287,64.08468039714451,33.13640217718334,20.0,26.8,8.5
417,Jura,2017,73290.0,2.4423522990858233,20.084595442761632,63.84227043252831,32.78755628325829,20.0,26.8,8.5
418,Jura,2018,73419.0,2.329097372614718,19.953962870646563,64.52008335716911,32.29409280976314,20.0,26.8,8.5
419,Jura,2019,73584.0,2.3102848445314197,19.161774298760598,63.682322243966084,32.31680800173951,20.0,26.8,8.5
420,Jura,2020,73709.0,2.4284687080275136,20.160360335915563,62.97738403722748,32.08563404740263,20.2,24.4,6.7
447,Luzern,1999,345357.0,1.9168570493720989,17.697628830456598,79.12392104402112,38.36609653199443,9.6,39.8,17.0
448,Luzern,2000,347209.0,1.468855934033968,17.603230331011005,78.70187696747492,38.16145318813741,9.6,39.8,17.0
449,Luzern,2001,350017.0,1.5827802649585592,17.604859192553505,79.30471948505358,38.495273086735786,9.6,39.8,17.0
450,Luzern,2002,351889.0,1.5260494076257,17.14176913742686,79.16132644100838,38.995251343463416,9.6,39.8,17.0
451,Luzern,2003,353175.0,1.6790542931974233,16.164790826077724,78.60692291356976,39.75932611311673,11.6,35.9,19.9
452,Luzern,2003,353175.0,1.6790542931974233,15.842004671904862,78.09726056487577,40.14157287463722,11.6,35.9,19.9
454,Luzern,2005,356384.0,2.0539642632665887,14.93894226452366,75.95458830923947,40.2992277992278,11.6,35.9,19.9
455,Luzern,2006,359110.0,2.2054523683551,13.433209879981064,73.81860711202695,39.244242711147,11.6,35.9,19.9
456,Luzern,2007,363475.0,2.0661668615448106,13.703831075039549,70.55505880734576,38.74544329046014,10.7,37.3,18.2
457,Luzern,2008,368742.0,2.0285185848099756,13.106725027254829,67.68689219020345,38.21099847589914,10.7,37.3,18.2
458,Luzern,2009,372964.0,2.0833109898006246,13.261333533531387,64.738151671475,37.85083815059898,10.7,37.3,18.2
459,Luzern,2010,377610.0,2.195386774714653,13.503350017213526,62.034903736659516,37.35600222451736,10.7,37.3,18.2
460,Luzern,2011,381966.0,1.7043401768743813,14.100731478718002,60.50538529607347,36.346166936324174,11.0,31.3,22.1
461,Luzern,2012,386082.0,1.7457431322879595,14.318201832771276,59.596147968566264,35.01587745608445,11.0,31.3,22.1
462,Luzern,2013,390349.0,1.7189745586641696,15.045510555938405,58.65776523060133,33.080653466513304,11.0,31.3,22.1
463,Luzern,2014,394604.0,1.6852338040161783,15.476274949062859,58.38511520410335,31.677327143161246,11.0,31.3,22.1
464,Luzern,2014,394604.0,1.6852338040161783,15.476274949062859,58.38511520410335,31.677327143161246,11.0,31.3,22.1
465,Luzern,2015,398762.0,1.645091558373165,16.012057317397343,58.63898766682883,30.035459747919813,11.8,30.9,24.1
466,Luzern,2016,403397.0,1.5716527391130821,16.99814326829401,58.768409284154316,29.254059896330414,11.8,30.9,24.1
467,Luzern,2017,406506.0,1.5596325761489376,17.962834496907792,59.605516277742524,29.47311970795019,11.8,30.9,24.1
468,Luzern,2018,409557.0,1.7164887915479408,17.489629038204697,60.11617430540804,29.629575370461254,11.8,30.9,24.1
469,Luzern,2019,413120.0,1.6242254066615027,17.856797056545314,60.53689000774593,29.41034082106894,13.8,27.5,19.6
470,Luzern,2020,416347.0,1.7365322675556687,18.13631418023908,60.941954667621,29.571487245014374,13.8,27.5,19.6
499,Neuenburg,1999,165649.0,3.5134531449027766,15.206853044690883,62.65658108409951,43.622358118672615,33.0,0.6,0.0
500,Neuenburg,2000,165731.0,1.9067042375898293,15.199329033192342,62.62558000615455,43.600774749443374,33.0,0.6,0.0
501,Neuenburg,2001,166227.0,3.0019190624868406,15.641261648228026,60.62793649647771,45.895071197819846,31.6,0.0,0.0
502,Neuenburg,2002,166767.0,3.17209040157825,16.48407658589529,60.44361294500711,46.963727835842825,31.6,0.0,0.0
503,Neuenburg,2003,167047.0,2.5382078097780862,17.79738636431663,59.67182888648105,48.04037187138949,31.6,0.0,0.0
504,Neuenburg,2003,167047.0,2.5382078097780862,18.461870012631177,58.68408292277024,49.0281178351003,31.6,0.0,0.0
506,Neuenburg,2005,168444.0,3.61544489563297,20.255990121345967,57.64527083184916,48.17031179501792,32.1,0.8,15.6
507,Neuenburg,2006,168912.0,3.7830349531116796,20.02818035426731,57.30794733352278,47.669792554703044,32.1,0.8,15.6
508,Neuenburg,2007,169782.0,3.4868242805479968,19.77241403682369,56.18970208856062,46.824751740467185,32.1,0.8,15.6
509,Neuenburg,2008,170924.0,3.2821604923825793,19.18396480307037,55.621211766633124,45.42954763520629,32.1,0.8,15.6
510,Neuenburg,2009,171647.0,3.5479792830634964,19.83722407033039,54.80433680751776,45.36636235995969,28.2,3.2,12.7
511,Neuenburg,2010,172085.0,3.562193102245983,19.827410872533925,54.08373768777058,45.09399424702908,28.2,3.2,12.7
512,Neuenburg,2011,173183.0,3.083443525057309,19.85183303211054,64.46937632446603,33.057517192796055,28.2,3.2,12.7
513,Neuenburg,2012,174554.0,2.8186120054539,19.690181834847667,63.728129976969875,32.91818004743518,28.2,3.2,12.7
514,Neuenburg,2013,176402.0,2.8627793335676466,20.776408430743416,62.18750354304373,32.20485028514416,26.5,2.7,16.9
515,Neuenburg,2014,177327.0,2.6391920012180883,20.656752778764655,61.42324631894748,32.03685845923069,26.5,2.7,16.9
516,Neuenburg,2014,177327.0,2.6391920012180883,20.656752778764655,61.42324631894748,32.03685845923069,26.5,2.7,16.9
517,Neuenburg,2015,178107.0,2.4479666717198088,20.605591021127747,61.609032772434546,30.914001134149697,26.5,2.7,16.9
518,Neuenburg,2016,178567.0,2.5144623586664947,20.496508313406174,61.321520773715186,30.078345942979386,26.5,2.7,16.9
519,Neuenburg,2017,177964.0,2.0116428041626397,19.94785462228316,63.344271875210715,33.48991930952327,23.6,2.7,11.5
520,Neuenburg,2018,176850.0,2.3183488832343793,20.073508623126944,62.668928470455185,34.492507774950525,23.6,2.7,11.5
521,Neuenburg,2019,176496.0,2.2210135073882693,20.459387181579185,62.91360710724322,33.89878524159188,23.6,2.7,11.5
522,Neuenburg,2020,175894.0,2.131965843064573,20.296314825974736,62.86172353803995,33.520188295223264,23.6,2.7,11.5
541,Nidwalden,1999,37657.0,1.9119951137902649,14.313407865735455,80.83490453302176,36.142018748174316,0.0,47.5,0.0
542,Nidwalden,2000,38000.0,1.0789473684210527,14.18421052631579,80.10526315789474,35.81578947368421,0.0,47.5,0.0
543,Nidwalden,2001,38389.0,1.797389877308604,15.421084164734689,78.27763161322254,36.807418791841414,0.0,47.5,0.0
544,Nidwalden,2002,38736.0,1.9878149524989674,15.282940933498555,76.51796778190831,37.07145807517555,0.0,37.3,12.4
545,Nidwalden,2003,39070.0,2.0220117737394423,14.845149731251599,74.6352700281546,37.65037112874328,0.0,37.3,12.4
546,Nidwalden,2003,39070.0,2.0220117737394423,15.792167903762477,72.58766316867161,37.906321986178654,0.0,37.3,12.4
548,Nidwalden,2005,39803.0,1.8591563449991206,14.848127025601084,69.91935281260206,38.26344747883326,0.0,37.3,12.4
549,Nidwalden,2006,40012.0,2.3992802159352196,15.020493851844448,67.95461361591522,36.738978306508045,3.1,34.4,19.5
550,Nidwalden,2007,40287.0,2.432546479013081,16.779606324620847,65.43053590488248,35.42085536277211,3.1,34.4,19.5
551,Nidwalden,2008,40737.0,1.7428873014704076,16.667894052090237,63.43127869013428,33.875837690551585,3.1,34.4,19.5
552,Nidwalden,2009,40794.0,1.9365592979359711,17.306466637250576,61.52865617492768,33.31372260626563,3.1,34.4,19.5
553,Nidwalden,2010,41024.0,2.6326053042121687,16.91692667706708,59.526131045241804,31.981279251170044,2.1,31.1,26.6
554,Nidwalden,2011,41311.0,1.742877199777299,17.404565369998306,57.58756747597493,31.759095640386334,2.1,31.1,26.6
555,Nidwalden,2012,41584.0,1.8757214313197383,16.616968064640247,55.670450173143514,31.1177375913813,2.1,31.1,26.6
556,Nidwalden,2013,41888.0,1.7188693659281895,17.212566844919785,54.9083269671505,30.1279602750191,2.1,31.1,26.6
557,Nidwalden,2014,42080.0,1.9486692015209124,17.134030418250948,53.80228136882129,29.515209125475284,4.8,29.1,29.1
558,Nidwalden,2014,42080.0,1.9486692015209124,17.134030418250948,53.80228136882129,29.515209125475284,4.8,29.1,29.1
559,Nidwalden,2015,42420.0,1.7208863743517209,16.36020744931636,53.936822253653936,27.204148986327205,4.8,29.1,29.1
560,Nidwalden,2016,42556.0,1.433405395243914,16.942381802801016,53.12999342043425,26.71773662938246,4.8,29.1,29.1
561,Nidwalden,2017,42969.0,1.5127184714561661,17.105355023388952,53.2709627871256,26.5307547301543,4.8,29.1,29.1
562,Nidwalden,2018,43223.0,1.8277306063901164,17.282465354093887,53.21241005945909,27.161464960784766,4.5,26.8,25.9
563,Nidwalden,2019,43087.0,2.065588228467983,17.267389235732356,53.241116810174766,26.5741406920881,4.5,26.8,25.9
564,Nidwalden,2020,43520.0,1.4246323529411764,16.452205882352942,52.5735294117647,27.22886029411765,4.5,26.8,25.9
580,Obwalden,1999,32225.0,1.6446858029480218,14.491854150504267,85.67882079131108,43.0411171450737,10.2,63.6,0.0
581,Obwalden,2000,32414.0,1.018078608008885,14.407354846671192,85.17924353674339,42.790152403282534,10.2,63.6,0.0
582,Obwalden,2001,32678.0,0.7956423281718588,12.69967562274313,81.88995654568824,45.90244200991493,10.2,63.6,0.0
583,Obwalden,2002,32961.0,1.1832165286247383,13.015381814872123,79.73059069809776,46.266800157762205,15.3,50.4,13.4
584,Obwalden,2003,33142.0,1.3276205419105667,12.159797236135416,78.05805322551446,47.16070243195944,15.3,50.4,13.4
585,Obwalden,2003,33142.0,1.3276205419105667,14.362440407941584,75.79506366543963,47.04000965542212,15.3,50.4,13.4
587,Obwalden,2005,33269.0,1.382668550302083,12.263668880940216,74.24328954882924,46.28933842315669,15.3,50.4,13.4
588,Obwalden,2006,33755.0,1.5701377573692787,12.975855428825358,71.69308250629535,43.90460672492964,13.1,35.2,13.8
589,Obwalden,2007,33997.0,2.2354913668853134,12.70700355913757,71.12392269906168,42.062534929552605,13.1,35.2,13.8
590,Obwalden,2008,34429.0,2.0041244299863483,12.605652211798194,68.28545702750588,40.40198669726103,13.1,35.2,13.8
591,Obwalden,2009,35032.0,1.627083809088833,11.018497373829641,66.25371089289791,39.36401004795616,13.1,35.2,13.8
592,Obwalden,2010,35585.0,1.9109175214275678,12.533370802304342,64.69017844597442,36.672755374455534,10.9,33.8,21.1
593,Obwalden,2011,35885.0,1.6998745994147972,13.821931169012123,62.22655705726627,36.44977009892713,10.9,33.8,21.1
594,Obwalden,2012,36115.0,1.7998061747196457,13.484701647514884,61.24878859199778,35.27620102450505,10.9,33.8,21.1
595,Obwalden,2013,36507.0,1.2874243295806282,14.983427835757526,59.24891116772126,34.84263291971403,10.9,33.8,21.1
596,Obwalden,2014,36834.0,1.4117391540424609,14.361731009393495,60.51474181462779,32.90438182114351,12.8,32.1,24.5
597,Obwalden,2014,36834.0,1.4117391540424609,14.361731009393495,60.51474181462779,32.90438182114351,12.8,32.1,24.5
598,Obwalden,2015,37076.0,1.6722408026755853,16.075089006365303,59.76912288272737,32.71658215557234,12.8,32.1,24.5
599,Obwalden,2016,37378.0,1.5517149125153833,16.13248434908235,60.276098239606185,30.71325378564931,12.8,32.1,24.5
600,Obwalden,2017,37575.0,1.1443779108449768,16.73985362608117,60.359281437125745,31.696606786427147,12.8,32.1,24.5
601,Obwalden,2018,37841.0,1.1363336064057503,15.750112312042493,61.49414656060886,31.13025554292963,15.1,29.8,24.5
602,Obwalden,2019,37930.0,1.4236751911415766,18.21776957553388,61.92987081465858,30.767202741892962,15.1,29.8,24.5
603,Obwalden,2020,38108.0,1.5219901333053427,17.79153983415556,61.5356355620867,31.122074105174768,15.1,29.8,24.5
633,Schaffhausen,1999,73552.0,2.963889493147705,22.56906678268436,70.19523602349358,35.25396998042202,27.7,5.5,27.2
634,Schaffhausen,2000,73305.0,1.21410544983289,22.645112884523567,70.43175772457539,35.372757656367234,26.6,5.4,33.6
635,Schaffhausen,2001,73229.0,2.212238320883803,21.917546327274714,68.27896052110502,37.362247197148676,26.6,5.4,33.6
636,Schaffhausen,2002,73834.0,2.1805672183546876,21.507706476690956,66.44635262887016,38.586559037841646,26.6,5.4,33.6
637,Schaffhausen,2003,73968.0,2.2306943543153794,20.31959766385464,65.16331386545534,38.42202033311702,26.6,5.4,33.6
638,Schaffhausen,2003,73968.0,2.2306943543153794,19.359723123512868,63.67618429591175,37.80012978585334,26.6,5.4,33.6
640,Schaffhausen,2005,73764.0,2.3046472534027442,19.386150425681905,62.75418903530178,36.91502630009219,27.2,4.6,35.6
641,Schaffhausen,2006,73866.0,2.233774673056616,18.357566404028915,61.76048520293505,35.808084910513635,27.2,4.6,35.6
642,Schaffhausen,2007,74527.0,2.764098917170958,18.100822520697196,59.562306278261566,35.289224039609806,27.2,4.6,35.6
643,Schaffhausen,2008,75303.0,3.0543271848399134,18.511878676812344,57.75334316029906,33.87647238489835,23.0,5.1,32.6
644,Schaffhausen,2009,75657.0,2.696379713707919,17.02420132968529,56.30675284507712,33.242132254781446,23.0,5.1,32.6
645,Schaffhausen,2010,76356.0,2.2918958562522915,17.064801718267066,54.38996280580439,32.8985279480329,23.0,5.1,32.6
646,Schaffhausen,2011,77139.0,2.242704727828984,17.215675598594743,52.943387910136245,31.7349200793373,23.0,5.1,32.6
647,Schaffhausen,2012,77955.0,2.0652940799179014,17.81797190686935,51.491244949009044,30.004489769738953,22.6,4.9,33.6
648,Schaffhausen,2013,78783.0,2.0055088026604726,18.290748004011018,51.597425840600124,28.254826548874757,22.6,4.9,33.6
649,Schaffhausen,2014,79417.0,2.1280078572597807,18.58544140423335,51.70177669768437,27.210798695493406,22.6,4.9,33.6
650,Schaffhausen,2014,79417.0,2.1280078572597807,18.58544140423335,51.70177669768437,27.210798695493406,22.6,4.9,33.6
651,Schaffhausen,2015,79836.0,1.8538002905957212,19.489954406533393,51.71852297209279,27.03041234530788,22.6,4.9,33.6
652,Schaffhausen,2016,80769.0,1.9561960653220913,19.128626081788806,52.965865616758904,26.804838490014735,22.8,3.7,35.1
653,Schaffhausen,2017,81351.0,1.770107312755836,19.12699290727834,59.10191638701429,27.52271023097442,22.8,3.7,35.1
654,Schaffhausen,2018,81991.0,1.609932797502165,19.67289092705297,59.05526216292032,27.344464636362527,22.8,3.7,35.1
655,Schaffhausen,2019,82348.0,1.9794044785544276,19.30830135522417,59.85573420119493,28.18526254432409,22.8,3.7,35.1
656,Schaffhausen,2020,83107.0,1.8169347949029564,18.28967475663903,60.28373061234312,28.613714849531327,19.7,3.2,33.4
735,Solothurn,1999,243908.0,3.5915181133870147,21.0530199911442,69.56311396100169,35.64458730340948,25.1,24.4,6.4
736,Solothurn,2000,244015.0,1.1925496383419052,21.04378829170338,69.53261070016188,35.62895723623548,25.1,24.4,6.4
737,Solothurn,2001,245264.0,2.238404331658947,20.39435057733707,66.80556461608715,35.89601409093875,25.2,22.0,15.5
738,Solothurn,2002,246280.0,2.1032970602566183,20.2208867955173,65.28341724866006,36.27172324183856,25.2,22.0,15.5
739,Solothurn,2003,246807.0,2.3459626347712987,20.181761457333057,63.507112845259655,36.696690126293014,25.2,22.0,15.5
740,Solothurn,2003,246807.0,2.3459626347712987,20.28710692970621,63.049265215330195,36.70074187523045,25.2,22.0,15.5
742,Solothurn,2005,247937.0,3.0007622904205506,19.83165078225517,61.57209291069909,36.4205423151849,24.9,21.5,17.6
743,Solothurn,2006,248613.0,2.7874648550156267,18.61929987571044,60.374960279631395,35.4567138484311,24.9,21.5,17.6
744,Solothurn,2007,250240.0,2.7653452685421995,18.346387468030688,59.43893861892583,34.53484654731458,24.9,21.5,17.6
745,Solothurn,2008,251830.0,2.68832148671723,18.051860382003735,57.19334471667395,33.47496326887186,24.9,21.5,17.6
746,Solothurn,2009,252748.0,2.623166157595708,17.891338408216882,56.12705145045658,33.464161932042984,20.7,20.8,19.4
747,Solothurn,2010,255284.0,2.9496560693188765,17.81936979990912,54.13578602654299,31.886056313752526,20.7,20.8,19.4
748,Solothurn,2011,256990.0,2.2296587415852755,17.506517763337094,55.07218179695708,30.872796606871862,20.7,20.8,19.4
749,Solothurn,2012,259283.0,2.047955322948284,18.408457168422146,54.928398699490515,30.29508297883008,20.7,20.8,19.4
750,Solothurn,2013,261437.0,2.1840825896869993,19.572593014760727,53.57313616664818,29.2613516831971,19.1,18.4,20.2
751,Solothurn,2014,263719.0,2.0172987156784306,19.357725457778926,54.07270617589177,28.45832116760643,19.1,18.4,20.2
752,Solothurn,2014,263719.0,2.0172987156784306,19.357725457778926,54.07270617589177,28.45832116760643,19.1,18.4,20.2
753,Solothurn,2015,266418.0,1.9368060716618245,19.142850708285476,54.846144029307325,27.287946009654004,19.1,18.4,20.2
754,Solothurn,2016,269441.0,2.0227062696471583,18.764775962084464,54.679874258186395,26.811064388864352,19.1,18.4,20.2
755,Solothurn,2017,271432.0,1.786819534911138,18.97344454596363,56.76559875033158,27.85964808865572,19.9,18.9,19.7
756,Solothurn,2018,273194.0,2.1083918387665905,18.90963930393786,56.82408837675791,27.566491211373602,19.9,18.9,19.7
757,Solothurn,2019,275247.0,1.7656868194748716,19.11374147583807,57.50471394783594,27.121094871152092,19.9,18.9,19.7
758,Solothurn,2020,277462.0,1.7876321802625226,19.563039263034216,57.809718087521894,27.2109333890767,19.9,18.9,19.7
788,St. Gallen,1999,447609.0,2.8127227111161752,24.979390494829193,80.96351950027815,40.633678053837166,15.2,33.8,9.8
789,St. Gallen,2000,449399.0,1.6199412993798383,24.87989514885436,80.64103391418315,40.471830155385305,16.1,31.7,22.6
790,St. Gallen,2001,452904.0,2.060039213608182,24.303163584335753,78.73854061787928,39.692738416971366,16.1,31.7,22.6
791,St. Gallen,2002,455251.0,2.2229495377275392,23.804450731574452,77.1706157702015,39.78903945296111,16.1,31.7,22.6
792,St. Gallen,2003,457289.0,2.3573713778376475,23.027013551605222,75.15378677379076,40.99158300330863,16.1,31.7,22.6
793,St. Gallen,2003,457289.0,2.3573713778376475,22.863003483573845,72.76142658143975,42.452366009241416,16.1,31.7,22.6
795,St. Gallen,2005,459999.0,2.650005760882089,22.139178563431656,70.16754384248662,42.302265874491034,17.1,28.7,24.6
796,St. Gallen,2006,461810.0,2.522682488469284,21.19269829583595,68.22069682336891,41.10998029492648,17.1,28.7,24.6
797,St. Gallen,2007,465937.0,2.244938693428511,20.56930443386123,66.69356586834701,39.046051290195884,17.1,28.7,24.6
798,St. Gallen,2008,471152.0,2.2285801609671614,20.921061568241246,65.0957652732027,37.11116582334363,13.3,26.1,30.5
799,St. Gallen,2009,474676.0,1.8560028314050006,20.27909563575997,63.80562741743842,35.92766434367863,13.3,26.1,30.5
800,St. Gallen,2010,478907.0,2.6163743691363877,19.724080040592433,62.48185973477105,35.16757950917401,13.3,26.1,30.5
801,St. Gallen,2011,483156.0,1.895868001225277,19.414019488529586,60.669845764101034,34.33673596105606,13.3,26.1,30.5
802,St. Gallen,2012,487060.0,1.9689565967231966,19.81891348088531,59.42799655073297,33.29158625220712,15.1,20.1,25.4
803,St. Gallen,2013,491699.0,1.90563739198168,20.158674310909724,58.051775578148415,32.75987951978751,15.1,20.1,25.4
804,St. Gallen,2014,495824.0,1.932137209977734,20.315676530381747,57.92377940559553,31.279244247958957,15.1,20.1,25.4
805,St. Gallen,2014,495824.0,1.932137209977734,20.315676530381747,57.92377940559553,31.279244247958957,15.1,20.1,25.4
806,St. Gallen,2015,499065.0,1.8755071984611222,20.62657168905854,57.47347539899612,30.53510063819342,15.1,20.1,25.4
807,St. Gallen,2016,502552.0,1.8983110205511071,20.531208710740383,57.53633454846464,29.740205988634013,12.3,18.4,29.5
808,St. Gallen,2017,504686.0,1.797157044181927,20.781238235259153,61.672009923001625,31.885172166455977,12.3,18.4,29.5
809,St. Gallen,2018,507697.0,1.7963470337622636,20.971169811915374,61.78685318211453,31.45183052096034,12.3,18.4,29.5
810,St. Gallen,2019,510734.0,1.9109751847341279,21.108835519076464,62.4610854182412,30.922163004616884,12.3,18.4,29.5
811,St. Gallen,2020,514504.0,1.8017352634770576,21.47505170027833,62.81972540543902,30.495389734579323,11.2,21.7,26.9
838,Tessin,1999,308498.0,2.635349337759078,25.666292812271067,51.00843441448566,38.24335976246199,16.4,25.5,2.8
839,Tessin,2000,310215.0,1.237851167738504,25.524233193108007,50.726109311284105,38.0316877004658,16.4,25.5,2.8
840,Tessin,2001,312528.0,2.1662059079506473,26.1960528336661,50.603465929452724,38.88931551732964,16.4,25.5,2.8
841,Tessin,2002,315256.0,2.277514147232725,25.909102443728273,50.755576420432924,39.44730631613673,16.4,25.5,2.8
842,Tessin,2003,317315.0,2.092557868364244,25.816617556686573,50.697256669240346,39.393032160471456,17.6,25.8,5.8
843,Tessin,2003,317315.0,2.092557868364244,25.84813198241495,50.514473000015755,39.28588311299497,17.6,25.8,5.8
845,Tessin,2005,322276.0,2.550608794945947,25.229927143194033,49.817547692040364,40.13640482071268,17.6,25.8,5.8
846,Tessin,2006,324851.0,2.3456907936253852,24.728260033061314,49.250271663008576,39.89521349788057,17.6,25.8,5.8
847,Tessin,2007,328580.0,2.4529794874916306,24.7976139752876,48.28656643739729,39.06811126666261,19.0,23.2,4.6
848,Tessin,2008,332736.0,2.4133246778226582,24.674216195422197,47.45203404500865,39.160175033660316,19.0,23.2,4.6
849,Tessin,2009,335720.0,2.42166090789944,24.600857857738593,46.514952936971284,39.15763135946622,19.0,23.2,4.6
850,Tessin,2010,333753.0,2.651661558098354,25.10539231108035,46.48048107432742,40.03859141341052,19.0,23.2,4.6
851,Tessin,2011,336943.0,2.1873135812288726,24.832093262065097,44.787990847116575,39.81088789498521,15.1,20.5,0.0
852,Tessin,2012,341652.0,2.0605762588833083,24.846920258040345,45.64293491623055,38.77044478006861,15.1,20.5,0.0
853,Tessin,2013,346539.0,2.022860341837427,24.914944638265823,45.27628924882914,38.154435720077686,15.1,20.5,0.0
854,Tessin,2014,350363.0,2.000782046049383,24.24342753087512,45.512796727965,37.53821037038728,15.1,20.5,0.0
855,Tessin,2014,350363.0,2.000782046049383,24.24342753087512,45.512796727965,37.53821037038728,15.1,20.5,0.0
856,Tessin,2015,351946.0,1.9093838259278413,24.225307291459487,45.151813062231135,36.96873952254039,14.6,18.6,0.0
857,Tessin,2016,354375.0,1.870899470899471,24.12698412698413,44.766137566137566,36.76331569664903,14.6,18.6,0.0
858,Tessin,2017,353709.0,1.8320144525584592,24.582354421289818,45.05681223830889,37.13787322346901,14.6,18.6,0.0
859,Tessin,2018,353343.0,1.9244756511378462,24.565365664524272,44.57425221385453,37.35463841083593,14.6,18.6,0.0
860,Tessin,2019,351491.0,2.0569516715932985,24.54970397535072,44.04380197501501,38.174519404479774,0.0,17.6,0.0
861,Tessin,2020,350986.0,1.9573430279270398,24.251679554170252,44.3094596365667,37.867607254990226,0.0,17.6,0.0
915,Uri,2008,35162.0,1.5357488197485922,13.992378135487174,67.54450827597975,36.175416642966844,3.6,34.7,30.4
916,Uri,2009,35335.0,1.1320220744304514,14.716286967595869,65.68558086882695,34.95118154804019,3.6,34.7,30.4
917,Uri,2010,35422.0,1.4115521427361526,13.833210998814295,63.802156851674106,34.44187228276213,3.6,34.7,30.4
918,Uri,2011,35382.0,1.3283590526256288,18.370923068226784,62.29156068057204,32.58719122717766,3.6,34.7,30.4
919,Uri,2012,35693.0,1.5689350853108452,17.482419522035133,61.160451629170986,31.939035665256494,0.0,36.6,24.6
920,Uri,2013,35865.0,1.3104698173706957,17.37069566429667,60.53255262791022,31.060922905339467,0.0,36.6,24.6
921,Uri,2014,36008.0,1.1386358586980672,18.245945345478784,59.181293045989776,30.882026216396355,0.0,36.6,24.6
922,Uri,2014,36008.0,1.1386358586980672,18.245945345478784,59.181293045989776,30.882026216396355,0.0,36.6,24.6
923,Uri,2015,35973.0,1.3343340838962556,19.4868373502349,59.07208183915714,30.328301781891973,0.0,36.6,24.6
924,Uri,2016,36145.0,1.1343200995988378,19.200442661502283,58.652649052427726,29.99031677963757,2.8,31.3,24.1
925,Uri,2017,36299.0,1.2672525413923248,19.559767486707624,59.94655500151519,29.229455356896885,2.8,31.3,24.1
926,Uri,2018,36433.0,1.0979057447918095,20.47594214036725,58.60071912826284,29.23174045508193,2.8,31.3,24.1
927,Uri,2019,36703.0,1.2805492739013158,18.581587336185052,58.496580660981394,28.553524235076154,2.8,31.3,24.1
928,Uri,2020,36819.0,1.3036747331540781,18.441565496075395,58.55672343083734,28.517884787745455,1.4,30.9,24.6
956,Waadt,1999,616275.0,3.534136546184739,23.76374183603099,49.21666463835139,53.46314551133828,24.2,1.6,8.9
957,Waadt,2000,620294.0,1.4396399126865647,23.60977214030766,48.89778072978297,53.11674786472221,24.2,1.6,8.9
958,Waadt,2001,624980.0,3.0944990239687673,23.483951486447566,48.18074178373708,56.91222119107812,24.2,1.6,8.9
959,Waadt,2002,631039.0,2.776373568036207,23.25846738474167,47.19201190417708,58.09149672207264,23.8,2.2,11.9
960,Waadt,2003,639105.0,2.638064167859741,22.631648946573723,46.6965522097308,58.428583722549504,23.8,2.2,11.9
961,Waadt,2003,639105.0,2.638064167859741,23.02282097620892,46.89683228890401,58.64451068290813,23.8,2.2,11.9
963,Waadt,2005,654093.0,3.2915808608256016,22.668030387116207,46.11270874325211,58.318924067372684,23.8,2.2,11.9
964,Waadt,2006,662145.0,3.2092668524265835,21.948364784148488,45.65767316826375,57.26238210663828,23.8,2.2,11.9
965,Waadt,2007,672039.0,3.017682009526233,21.22495867055335,44.826267523164574,56.408928648486174,22.5,0.4,15.6
966,Waadt,2008,688245.0,2.831840405669493,20.498514337190972,43.82741610908906,54.6854681109198,22.5,0.4,15.6
967,Waadt,2009,701526.0,2.63995917471341,20.68063051119987,42.60141463039146,54.10205751461813,22.5,0.4,15.6
968,Waadt,2010,713281.0,2.9595629212049666,21.17678726897254,43.552260609773704,56.34245129198731,22.5,0.4,15.6
969,Waadt,2011,725944.0,2.183364006039033,21.508546113749823,43.01158216060743,55.45469071994534,22.5,0.4,15.6
970,Waadt,2012,734356.0,2.28635702574773,21.48004510074133,43.1085195736128,54.85622776963761,24.6,0.0,17.1
971,Waadt,2013,749373.0,2.2965866130751977,21.946347146214237,62.89124374643869,34.794421469681986,24.6,0.0,17.1
972,Waadt,2014,761446.0,1.980442473924612,22.19330064114855,63.395171817830814,33.658329021361986,24.6,0.0,17.1
973,Waadt,2014,761446.0,1.980442473924612,22.19330064114855,63.395171817830814,33.658329021361986,24.6,0.0,17.1
974,Waadt,2015,773407.0,2.324778544802413,21.831972040594408,63.97666429189289,32.755069452435784,24.6,0.0,17.1
975,Waadt,2016,784822.0,2.2833202942832895,21.00221451488363,64.4044127203366,32.57936194449187,24.6,0.0,17.1
976,Waadt,2017,793129.0,2.024891285024252,21.450482834444333,67.11392472094703,34.105422951373605,23.4,0.0,15.8
977,Waadt,2018,799145.0,1.9595943164256797,21.695687265765287,66.99910529378272,34.55443004711285,23.4,0.0,15.8
978,Waadt,2019,805098.0,2.1214808631992628,21.735242169276287,67.16076800588252,34.77837480654529,23.4,0.0,15.8
979,Waadt,2020,814762.0,1.9514901284055959,21.49830257179397,66.37275670686654,34.783163672336215,23.4,0.0,15.8
1008,Wallis,1999,275632.0,2.525105938352586,24.36219306901956,79.15263830034249,36.54147559064259,17.0,53.6,0.0
1009,Wallis,2000,276170.0,1.4121736611507405,24.31473367853134,78.99844298801463,36.47029003874425,17.0,53.6,0.0
1010,Wallis,2001,278419.0,2.0221321102367296,22.911511067850974,75.69167334125903,37.436381856123326,13.5,54.1,4.6
1011,Wallis,2002,281345.0,1.9691126552808829,22.346229717961933,74.65211750697543,37.69748884821127,13.5,54.1,4.6
1012,Wallis,2003,285008.0,2.161342839499242,21.666058496603604,73.61196878684106,37.798938977151515,13.5,54.1,4.6
1013,Wallis,2003,285008.0,2.161342839499242,21.501150844888567,72.61550552966935,38.89364509066412,13.5,54.1,4.6
1015,Wallis,2005,291575.0,2.184686615793535,20.790534167881333,69.9442681985767,38.52868044242476,8.0,53.2,6.4
1016,Wallis,2006,294608.0,2.6170368761201326,20.59346657253028,68.3111117145495,37.5651713463314,8.0,53.2,6.4
1017,Wallis,2007,298580.0,2.2707482081854113,19.308058141871523,66.67224864357961,36.69703262107308,8.0,53.2,6.4
1018,Wallis,2008,303241.0,2.166593567492522,18.90245712156338,64.80654001272914,35.20302333787318,8.0,53.2,6.4
1019,Wallis,2009,307392.0,2.065766187799292,19.008302102852383,63.092077867999166,34.678846554236934,7.0,48.5,11.5
1020,Wallis,2010,312684.0,2.6192577810185362,18.836908828082027,59.437003492343706,34.296606158294,7.0,48.5,11.5
1021,Wallis,2011,317022.0,2.157578969282889,19.251029896978757,59.822346714108164,33.761063900928015,7.0,48.5,11.5
1022,Wallis,2012,321732.0,2.1570748324692604,19.19920927977323,59.51848122039462,32.85653898275583,7.0,48.5,11.5
1023,Wallis,2013,327011.0,1.9326566996217251,19.170608939760434,58.47203916687818,32.475971756301774,4.8,43.8,17.2
1024,Wallis,2014,331763.0,1.9682725318977703,19.34814913055404,58.345867381232985,31.242181919020506,4.8,43.8,17.2
1025,Wallis,2014,331763.0,1.9682725318977703,19.34814913055404,58.345867381232985,31.242181919020506,4.8,43.8,17.2
1026,Wallis,2015,335696.0,2.067346646966303,19.410418950479002,58.401053333968825,30.560387970068156,4.8,43.8,17.2
1027,Wallis,2016,339176.0,2.004858834351487,18.92232941009977,59.65929193103286,29.53333962308654,4.8,43.8,17.2
1028,Wallis,2017,341463.0,1.9123594650079219,19.270023399314127,59.84835838729233,30.59775144012675,3.3,41.7,16.4
1029,Wallis,2018,343955.0,2.07294558881249,19.749676556526293,59.24902966957887,30.503990347574536,3.3,41.7,16.4
1030,Wallis,2019,345525.0,2.057738224441068,19.758338759858187,59.30106359887128,30.95289776427176,3.3,41.7,16.4
1031,Wallis,2020,348503.0,2.020068693813253,19.646889696788836,59.675239524480425,30.708487444871352,3.3,41.7,16.4
1059,Zug,1999,97758.0,2.761922297919352,18.024100329384808,66.48049264510321,33.49086519773318,6.1,33.6,12.6
1060,Zug,2000,99388.0,1.247635529440174,17.72849841027086,65.39018795025555,32.94160260796072,6.1,33.6,12.6
1061,Zug,2001,101022.0,2.2272376314070206,19.520500485042863,64.7284749856467,33.606541149452596,6.1,33.6,12.6
1062,Zug,2002,102407.0,2.216645346509516,19.38344058511625,65.02485181677034,33.464509262062165,8.3,29.0,21.3
1063,Zug,2003,103642.0,1.7463962486250748,19.220007332934525,63.91231354084252,33.374500685050464,8.3,29.0,21.3
1064,Zug,2003,103642.0,1.7463962486250748,18.998089577584377,64.02809671754694,34.387603481214185,8.3,29.0,21.3
1066,Zug,2005,106496.0,2.7324969951923075,18.66736778846154,61.75818810096153,34.01066706730769,8.3,29.0,21.3
1067,Zug,2006,107171.0,2.444691194446259,18.568456018885705,61.350551921695235,33.815117895699395,6.8,28.7,19.8
1068,Zug,2007,109141.0,2.336427190515022,17.976745677609696,60.921193685232865,32.27934506738989,6.8,28.7,19.8
1069,Zug,2008,110384.0,2.328235976228439,17.575010871140744,60.00869691259603,32.74025221046528,6.8,28.7,19.8
1070,Zug,2009,110890.0,2.2093966994318692,18.540896383803773,58.95031111912706,31.98665344034629,6.8,28.7,19.8
1071,Zug,2010,113105.0,2.4755757924052872,17.762256310507937,61.71256796781751,33.83581627691083,9.1,26.5,22.7
1072,Zug,2011,115104.0,2.102446483180428,19.408534890186267,60.0413539060328,33.23081734778983,9.1,26.5,22.7
1073,Zug,2012,116575.0,2.093073128886983,20.476088355136177,59.395239116448636,32.12524126099078,9.1,26.5,22.7
1074,Zug,2013,118118.0,1.93873922687482,19.429722819553326,58.94105894105894,32.526795238659645,9.1,26.5,22.7
1075,Zug,2014,120089.0,1.707067258449983,20.193356593859555,58.58987917294673,31.85970405282749,9.3,26.8,23.6
1076,Zug,2014,120089.0,1.707067258449983,20.193356593859555,58.58987917294673,31.85970405282749,9.3,26.8,23.6
1077,Zug,2015,122134.0,1.8176756677092374,20.624887418736797,58.39487775721748,31.211620023908168,9.3,26.8,23.6
1078,Zug,2016,123948.0,1.799141575499403,20.169748604253396,59.169974505437764,30.359505599122212,9.3,26.8,23.6
1079,Zug,2017,125421.0,1.5228709705711165,20.172060500235208,62.318112596774064,31.254734055700403,9.3,26.8,23.6
1080,Zug,2018,126837.0,1.8606558023289734,20.28587872623919,62.497536207888864,31.323667384122928,11.8,25.6,22.4
1081,Zug,2019,127642.0,1.9115964964510115,20.60450321994328,61.703827893640025,31.901725137493933,11.8,25.6,22.4
1082,Zug,2020,128794.0,1.6926254328617794,21.025824184356413,61.88176467847882,32.35399164557355,11.8,25.6,22.4
1110,Zrich,1999,1198569.0,3.1938086167755046,20.71970825209062,61.65268749650625,30.872648967226752,22.1,6.7,28.9
1111,Zrich,2000,1211647.0,1.631663347493123,20.496068574428033,60.9872347309076,30.539422785679328,22.1,6.7,28.9
1112,Zrich,2001,1226931.0,2.2071330824634803,20.013350384006927,60.5698282951527,30.484191857569822,22.1,6.7,28.9
1113,Zrich,2002,1241312.0,2.383768142094816,20.16012090433348,60.595563403882345,30.790808434946253,22.1,6.7,28.9
1114,Zrich,2003,1249893.0,2.5746203875051705,19.911304407657294,60.19475267082863,30.766633623838203,26.5,6.4,30.3
1115,Zrich,2003,1249893.0,2.5746203875051705,19.76569194323034,59.877125481941256,31.26507629053047,26.5,6.4,30.3
1117,Zrich,2005,1272590.0,3.422940617166566,19.56246709466521,58.65046872912721,30.74595902843807,26.5,6.4,30.3
1118,Zrich,2006,1284052.0,3.1431748869983456,19.01870017725139,58.42442517904259,30.46994981511652,26.5,6.4,30.3
1119,Zrich,2007,1307567.0,2.9443997898386853,18.771504634179355,57.5251593226198,29.772852939849354,19.5,7.2,30.5
1120,Zrich,2008,1332727.0,2.9480906442204593,18.84331899931494,56.569725082481256,29.176267907831086,19.5,7.2,30.5
1121,Zrich,2009,1351297.0,2.9282977761365565,19.230413447228845,56.319225159235906,29.026927463022563,19.5,7.2,30.5
1122,Zrich,2010,1373068.0,3.189208400457953,19.40981801338317,56.58496156053451,29.193747141438006,19.5,7.2,30.5
1123,Zrich,2011,1392396.0,2.405206564799095,19.24955256981491,56.23328420937722,28.662822932556544,19.3,4.9,29.6
1124,Zrich,2012,1408575.0,2.3612516195445754,19.722059528246632,55.74286069254388,28.261185950339883,19.3,4.9,29.6
1125,Zrich,2013,1425538.0,2.241259089550752,20.12363051703988,55.63373266794712,27.940328493523147,19.3,4.9,29.6
1126,Zrich,2014,1446354.0,2.201397444885554,20.754255182341254,56.10383073576732,27.612880387512323,19.3,4.9,29.6
1127,Zrich,2014,1446354.0,2.201397444885554,20.754255182341254,56.10383073576732,27.612880387512323,19.3,4.9,29.6
1128,Zrich,2015,1466424.0,2.1323982695318677,21.170548217977885,56.579134002171266,27.264965657954313,19.7,4.9,30.0
1129,Zrich,2016,1487969.0,2.1458780391258148,21.322352817834243,57.36141008314017,27.049622673590648,19.7,4.9,30.0
1130,Zrich,2017,1504346.0,1.9802625193938097,21.5502284713756,59.4264883211708,28.198300125104197,19.7,4.9,30.0
1131,Zrich,2018,1520968.0,2.0026719825795154,21.842668616302248,60.26030790917363,28.184024910451765,19.7,4.9,30.0
1132,Zrich,2019,1539275.0,2.0139351317990615,22.233843855061636,61.002744798687694,28.157411768527393,19.3,4.3,24.5
1133,Zrich,2020,1553423.0,1.8172770713450233,22.12919468811779,61.85565683011002,28.32712017267673,19.3,4.3,24.5
