,Divorces_p1k,Pre_school_p1k,Primary_school_p1k,Secondary_school_p1k,SP,CVP,SVP,Foreigners_p1k,Cars_p1k,Average_age_when_married,Average_duration_of_marriage_when_divorced
0,2.6875604608620542,23.699733093616995,62.02845151755608,51.34849687129489,21.7,17.3,21.9,182.6671771736778,652.6721157741117,29.2,12.964749
1,1.4330174570921503,23.54006753554067,61.610564645622134,51.00256105940409,21.7,17.3,21.9,184.87027517609582,666.1234673143416,29.4,14.385246
2,1.9353150474833636,23.201974203068158,59.83667031317577,50.09285877833465,18.6,15.0,33.5,185.0215701310926,676.2572279019731,29.5,13.528438
3,2.092547077811084,22.985631056781255,58.53374164690472,50.082586337808706,18.6,15.0,33.5,190.2598500851053,700.1162326235826,29.8,13.670864
4,2.1884374877379726,22.166178563657315,57.204364746715555,50.771036288467094,18.6,15.0,33.5,193.38510435654229,694.0075694610416,29.7,13.958332
5,2.1884374877379726,21.729204493163586,56.23588752109069,51.07245921872603,18.6,15.0,33.5,193.38510435654229,694.0075694610416,29.7,13.958332
6,2.6785212455035974,20.9996065647482,54.337974932553955,49.83454642535971,19.7,17.5,30.3,197.64325258543167,708.2379018660072,29.9,15.136619
7,2.806129993580521,20.166558515552016,53.08161088910655,48.887203316556864,19.7,17.5,30.3,199.16390199943285,712.8648795347357,29.9,15.272013
8,2.4984438460559666,19.765734349905944,51.942871095429204,47.52889631715965,19.7,17.5,30.3,198.4379997317569,718.3103435231325,30.2,15.449115
9,2.391689428563702,20.01751088514482,50.84748627525219,46.30750196067826,19.7,17.5,30.3,200.13623333423482,717.8753008626985,30.3,15.374217
10,2.348176788214119,20.333644423705085,49.87667488834078,45.763615758949406,15.7,15.0,31.9,206.62455836277582,713.6240917272182,30.3,14.858288
11,2.7720265722051596,19.808133240441826,48.674824111234315,44.6239038638289,15.7,15.0,31.9,210.57098841145705,720.3671177138223,30.6,14.934512
12,2.068581816535069,19.571468773956894,48.09493157021372,43.99496682829315,15.7,15.0,31.9,216.72073983742467,731.4951689961798,30.6,15.707209
13,1.978193643000606,19.53326744667963,47.304491982019314,42.63238435298243,15.7,15.0,31.9,219.60340485223324,739.5638728600121,30.5,15.294459
14,1.9202906521759628,20.77591056662717,47.160264126393464,41.36953495023273,15.7,15.0,31.9,225.1108645707946,744.5322002256577,30.5,15.446358
15,1.9201056290554288,21.359819116441468,56.49976676683037,30.938651152915725,15.7,15.0,31.9,230.0469410811171,748.7482120081763,30.6,15.52409
16,1.9201056290554288,21.359819116441468,56.49976676683037,30.938651152915725,15.7,15.0,31.9,230.0469410811171,748.7482120081763,30.6,15.52409
17,1.990285692431254,21.40207289555207,57.84219986996597,30.10670440203465,15.7,15.0,31.9,235.48858377634147,749.891000879642,30.6,15.699381
18,1.950375454811278,21.2039272784274,59.24378487388878,29.472675149443376,18.9,12.1,31.9,238.74464551097125,750.9005790836552,30.7,15.518206
19,1.7824461838363725,21.141957829350154,63.01752043255617,30.633930860164416,18.9,12.1,31.9,244.04311254448663,752.7824640679119,30.6,15.635479
20,1.8696356717049514,20.88890265066565,63.799105582808785,30.15745930077395,18.9,12.1,31.9,246.6488844851203,756.5934884187276,30.7,15.54994314
21,2.028155049610335,21.0280748565638,64.00863168791783,30.4150354671974,18.9,12.1,31.9,248.4876320451414,757.0894298274391,30.7,15.90227765
22,1.736131121843267,21.343607003308016,64.20947682661163,30.296568655701428,16.3,12.8,30.1,249.96686222754988,761.3849859956891,30.8,16.18385496
69,3.1708958167376897,21.152195265311175,53.22851331389548,45.37474574829274,24.8,13.0,15.9,161.595811323965,588.541465263223,29.3,14.593581
70,0.8998754018674338,21.035548923995137,52.93497823378301,45.124521220138746,24.8,13.0,15.9,165.44247719546524,600.6552938823854,29.5,13.464131
71,2.0031943864594783,20.92438036946105,51.72684548591827,44.84780701922377,24.8,13.0,15.9,166.97755120019303,613.544351796172,29.4,14.746922
72,1.973766776066842,20.60095303652039,50.91101316224819,44.58278981855797,24.8,13.0,15.9,172.34520762581337,633.2444694598572,29.6,14.992123
73,2.0763836884743685,20.540691825326583,50.18494565094061,44.37182774714261,25.9,11.3,21.8,175.91773133334846,629.7645252305201,29.8,14.287505
74,2.0763836884743685,20.38184279997882,48.81960045688005,44.33400655063124,25.9,11.3,21.8,175.91773133334846,629.7645252305201,29.8,14.287505
75,2.7321685601434105,19.54233358011793,48.24325695537959,43.767310937317966,25.9,11.3,21.8,176.94079800367547,635.4978973200696,30.0,15.188713
76,2.8671312966470284,19.059311439329857,47.55844680835136,43.078086283434274,25.9,11.3,21.8,177.02851410733402,641.5187561291482,30.1,15.839744
77,2.340745694699883,18.08690482825243,46.87064593434766,42.30804956436122,22.9,12.1,22.5,176.93436623381447,637.6042653588214,30.4,15.692118
78,2.57361345653248,17.665017292617637,45.948955437403676,41.26999343691697,22.9,12.1,22.5,179.63305729055284,644.9150855044356,30.9,15.119909
79,2.2139545112988652,17.81793523083408,45.03784615948537,40.70157432692484,22.9,12.1,22.5,184.179755511977,671.7519197991313,30.7,15.271556
80,2.4890307721461786,17.394061311059605,45.87396685179517,41.46076587804842,22.9,12.1,22.5,188.393755193073,647.3338581070248,30.9,15.288702
81,2.1390180127832656,17.838466008134805,44.2765833817548,41.429401510749564,22.0,9.3,24.0,192.44262056943637,654.7610400929692,31.0,15.152458
82,2.129913899405866,18.684660642156384,44.305102029746465,41.17351385167265,22.0,9.3,24.0,195.46751429284325,660.2190665263599,30.7,15.369008
83,2.0024689940284794,19.278249885163067,44.81511254019293,40.51231626090951,22.0,9.3,24.0,199.5794097381718,657.9761426274689,30.9,15.633297
84,1.9267617249849804,19.310276181030286,45.627281808454285,39.58037831362135,22.0,9.3,24.0,204.94061521288583,659.101816203995,30.8,15.114972
85,1.9267617249849804,19.310276181030286,45.627281808454285,39.58037831362135,22.0,9.3,24.0,204.94061521288583,659.101816203995,30.8,15.114972
86,1.8536106570255373,19.29873495486017,55.191698648806096,29.555380590401473,22.0,9.6,26.7,211.56935504941197,662.1344414982823,31.0,15.4806
87,1.995630619275691,19.09153292440411,56.51135758899812,29.115200403327453,22.0,9.6,26.7,216.16530823740302,664.8916057474163,30.8,15.022746
88,1.7141483435125409,19.482759221386438,61.078728882354376,30.499297965668255,22.0,9.6,26.7,221.70348717698582,668.5701145901199,31.2,15.324344
89,2.051143226021407,19.279358071994782,61.61412130551275,30.250024294420612,22.0,9.6,26.7,224.48044646203823,671.7060236280593,31.5,14.94258909
90,1.768762004781185,19.014191551397737,61.816850221786176,30.9636989235425,22.8,9.3,22.7,227.0924592701093,674.4096065886384,31.2,14.69864353
91,1.8971093140506377,18.75801202189924,61.4257876268606,31.896868738594147,22.8,9.3,22.7,229.75987132649868,680.4401843495356,31.3,15.40338515
93,1.2149179131120547,17.776167360271117,33.351628149861185,43.82230226944535,26.0,9.9,10.0,269.80769128296396,424.6511107440307,30.3,10.768918
94,2.7886672851787697,16.458499804257006,32.745389314041475,42.248309370458365,26.0,9.9,10.0,272.5010591572862,434.5548053563863,29.5,11.722946
95,2.5546409310246947,16.350773086831012,31.65719610751985,43.203958890096885,26.0,9.9,10.0,276.58674264536546,439.8320470867989,29.8,12.213583
96,2.6894826228348863,16.233331368903794,31.19156938275838,43.83535223114549,26.0,9.9,10.0,283.89042769202746,439.9875705185558,29.8,12.250921
97,2.6894826228348863,16.672649247534196,30.67188847754925,43.11208499193691,26.0,9.9,10.0,283.89042769202746,439.9875705185558,29.8,12.250921
98,3.1519226728304264,16.109826994466623,31.169013097989776,43.0062338026196,31.2,8.1,12.1,295.0145742749231,450.44477131049945,30.1,12.263955
99,3.2355455519364575,15.77734252415838,30.266959561091213,43.44720866563504,31.2,8.1,12.1,296.55019424094536,445.8073173107098,30.0,12.623631
100,3.1690844207377973,15.483703779686547,29.46654645381073,42.88251712763258,31.2,8.1,12.1,300.1074357410097,444.98912145637513,30.1,12.501597
101,2.8231336247535785,16.07096940087426,28.884889003171338,41.76309248307191,28.2,9.3,13.9,300.5592697351504,447.1907945487272,30.9,12.533013
102,2.9484081789055767,16.65265197075009,27.951335298938783,41.00096861062917,28.2,9.3,13.9,305.3890940829599,437.25319056083623,31.3,12.719219
103,3.498242768315761,16.35036496350365,30.240605569072724,41.351716680183834,28.2,9.3,13.9,319.98918626655853,455.30683968640176,31.0,12.017137
104,2.2066521704115325,16.890821722906765,30.32938713054683,40.976081179028746,28.2,9.3,13.9,322.5953665673404,456.57297790663335,30.5,11.795022
105,2.3956249166333197,17.628384687208218,30.860344137655062,40.13338668800854,30.7,7.3,15.0,329.0169401093771,460.08803521408566,30.6,12.814292
106,2.1760371827712786,17.688224575487894,39.78133995299337,31.938099136451264,30.7,7.3,15.0,332.3632714500753,452.1562310190931,30.4,12.573156
107,2.1250918249553994,18.24430685276524,47.6282925805436,23.64361423024452,30.7,7.3,15.0,340.3137789904502,451.3327736383671,30.7,13.019644
108,2.1250918249553994,18.24430685276524,47.6282925805436,23.64361423024452,30.7,7.3,15.0,340.3137789904502,451.3327736383671,30.7,13.019644
109,2.1478805319653627,19.164099115302605,48.958121542928936,23.308674413633828,30.7,7.3,15.0,345.67321978761004,444.12643300645925,31.1,12.940223
110,2.139120526234008,19.112239084269955,49.40177137825659,23.19883979903662,32.5,5.9,14.3,349.3655150981509,445.3514269435956,30.7,13.459404
111,1.7946655114796708,18.957443736204798,52.3495678362935,24.351754440250016,32.5,5.9,14.3,356.06576314540916,444.09204364956577,31.5,13.646416
112,1.8535062587926023,18.93040879825021,53.4795600874896,23.84399741227935,32.5,5.9,14.3,358.17853218734274,442.06894427158744,31.1,13.03521667
113,2.0118053144339374,19.316394681481178,54.42597169175466,24.412287330732624,32.5,5.9,14.3,362.0177283960703,437.7106268254325,31.3,13.252449
114,1.9213663049279488,19.823620606399473,54.24047576689455,24.886268330495337,30.0,6.3,11.0,364.74953617810763,432.20575901593514,32.0,13.34587988
115,2.9011253652905844,15.568772146652577,68.26177330095493,32.98718395805929,25.9,0.9,31.7,114.69673859238712,594.4688884248595,29.0,13.169677
116,1.0660212610840778,15.564334277140096,68.24231532188332,32.97778098031569,25.9,0.9,31.7,117.17438666689273,610.7072616605348,29.1,14.063078
117,1.9359406536969914,15.488581965740615,66.52154156671703,33.11177098413839,25.9,0.9,31.7,117.24065052678299,625.2845262123406,29.2,13.820254
118,1.99033266988911,15.573036784296379,65.83472867237438,33.41863330490001,26.1,1.0,31.8,120.73737086532083,662.9124148316641,29.4,13.59055
119,2.0935819580086075,15.565829128836702,64.81490235378278,33.77043290820909,26.1,1.0,31.8,121.73238917304039,661.2641117193318,29.5,13.591797
120,2.0935819580086075,15.774872184352866,63.16356726196666,33.959517079027734,26.1,1.0,31.8,121.73238917304039,661.2641117193318,29.5,13.591797
121,2.8994926149139455,16.172377186896593,61.12443890899668,34.03952086798793,26.1,1.0,31.8,123.73571673367715,672.1640350070633,29.7,14.695714
122,2.730220242632942,16.180048534931277,60.017916418551735,33.52914859468744,24.0,1.8,27.4,123.80057503569206,696.4814781983883,29.8,15.032316
123,2.4943353042943692,15.987837778899294,58.61687965091767,32.77112137090828,24.0,1.8,27.4,122.23385276152618,697.6880149369355,29.9,14.898435
124,2.4068940543629984,16.06934495960483,56.940118580541196,31.902436709415774,24.0,1.8,27.4,123.72859148725006,703.081298959351,30.2,14.682401
125,2.43575728648632,16.414930689207427,55.645711763588864,31.557067853238696,24.0,1.8,27.4,126.91906983428022,675.7620081397199,30.2,14.837075
126,2.768926783166395,16.71256029279385,54.93456841280177,31.126697026542097,18.9,1.3,26.6,129.70171524450856,684.3372436471858,30.3,14.797712
127,2.293293917238383,16.79515474404241,53.91017272289822,30.42294471527218,18.9,1.3,26.6,133.70137029133664,691.343348432459,30.8,14.671967
128,2.3030030716782,17.43069079010333,52.99224172062336,29.40409039941891,18.9,1.3,26.6,135.8167349541666,698.2118984462286,30.6,14.61947
129,2.159234021218819,18.862836706179383,52.23808301565695,28.655292570217554,18.9,1.3,26.6,138.83714961134785,703.3120572546567,30.7,14.414896
130,2.0358265852203945,19.72126512505226,53.965750561214485,28.26480209387984,19.1,0.8,29.0,144.18308371754813,708.1833294036762,30.7,14.666702
131,2.0358265852203945,19.72126512505226,53.965750561214485,28.26480209387984,19.1,0.8,29.0,144.18308371754813,708.1833294036762,30.7,14.666702
132,2.051139920765261,20.016059236370534,54.709513574182566,27.68694906941934,19.1,0.8,29.0,148.8997850578339,712.4964250016955,30.7,14.561466
133,2.0301739968222514,19.40452775561537,55.798611415539796,26.99527429267822,19.1,0.8,29.0,153.39893406123448,716.4341805705334,30.9,14.933879
134,1.8911364857447102,19.32159600281634,58.7212426027469,28.111986313990723,19.1,0.8,29.0,159.9212899296497,720.371710149875,31.0,14.812368
135,1.8483502531940323,19.41975522161362,59.23803137654267,28.11849925167419,19.1,0.8,29.0,161.1446437940167,723.9668127890765,31.0,15.01322372
136,1.8615184218171883,19.44156371395533,59.684032501053416,28.353763538097155,19.1,0.8,29.0,162.6505328656609,725.7420580024127,31.1,15.0270774
137,1.931682663363793,19.794235053665307,59.7191918184851,28.69818968260968,19.1,0.8,29.0,165.1622229976647,731.5076136097829,31.1,15.22898311
138,2.3857588548357493,15.872338427789183,80.45854370548042,38.27030349071944,23.2,33.6,8.4,137.14058905623818,651.892602440388,28.4,13.706154
139,1.895582193374771,15.735870931162442,79.76677569085086,37.941262339266906,23.2,33.6,8.4,139.02064407482473,662.6413753125806,28.4,13.873646
140,2.230183199563949,15.465654762647759,80.76092519316465,38.49146414023525,19.6,33.5,11.8,137.44752204178266,670.4363420002579,28.6,13.835965
141,2.230895645028759,14.843878389482333,81.32703368940017,39.00575184880854,19.6,33.5,11.8,140.29991783073132,694.1988496302382,28.7,14.340396
142,2.3068565127140634,14.396568500259471,80.4683445770628,40.20984691229891,19.6,33.5,11.8,144.89815775817334,685.0350285417748,29.0,14.527798
143,2.3068565127140634,14.729015308770109,80.18454852101712,41.54368837571354,19.6,33.5,11.8,144.89815775817334,685.0350285417748,29.0,14.527798
144,2.807595076273656,14.030099939359097,77.94718728588643,42.015483118990055,19.6,33.5,11.8,150.81865219685457,692.8616993628768,29.4,14.805697
145,2.6098539411117825,13.85081238480244,76.46794603720397,41.68796369437604,21.0,30.6,16.0,153.69484069823272,699.8396914641513,29.4,14.945821
146,2.6401662355028286,13.865621236813414,74.99591628963573,40.41163800471811,21.0,30.6,16.0,156.17627953092415,697.8054330442446,29.7,15.492334
147,2.5769260846736204,13.45438431203149,73.53549045382945,39.91256325943911,21.0,30.6,16.0,163.2475226877488,707.5337849160451,29.6,16.043399
148,2.555288311935539,17.297617870910347,71.92880337093048,39.44222961718267,21.0,30.6,16.0,168.64170684473146,731.8558055930795,29.8,14.793188
149,2.621250803431325,18.811962957776316,71.09693959991813,38.887871508440064,21.0,30.6,16.0,173.63811657743642,712.1220282017861,30.0,15.53313
150,2.3852347295797207,18.93785040819481,70.16243483637079,38.20239717846754,24.3,26.6,18.6,178.55536976407603,719.160565992665,30.3,14.909689
151,2.2546714940201444,20.405291786063593,69.19130390020419,37.32733917877795,24.3,26.6,18.6,186.44451689287737,726.724892328283,30.5,16.021469
152,2.0730994348536065,23.422327650509708,68.50300045023553,37.0839521271949,24.3,26.6,18.6,195.85245714362514,728.8002903011203,30.3,15.950715
153,2.063439219189325,23.297745049888423,68.01108851363155,35.312498969928505,24.3,26.6,18.6,203.78275215326144,731.7627901917416,30.2,16.048655
154,2.063439219189325,23.297745049888423,68.01108851363155,35.312498969928505,24.3,26.6,18.6,203.78275215326144,731.7627901917416,30.2,16.048655
155,1.9417096802521296,23.189933032156922,68.00212059415665,34.527956391217096,24.3,26.6,18.6,211.17475061877767,740.2077011393316,30.6,16.042439
156,2.0454356008386925,22.467731490090216,67.63082131613201,34.57042646370474,23.6,23.7,19.7,215.69727553107586,747.0745141288945,30.6,15.631979
157,1.8884452541307755,21.86153094193745,69.38687419463365,36.159759294641894,23.6,23.7,19.7,221.6209525381339,754.0387337577838,30.7,16.186732
158,1.8637399047421825,22.035429883845705,68.99602778666768,35.94445176553273,23.6,23.7,19.7,222.5537629347942,758.0903254955854,30.5,16.38100377
159,1.9454104163364752,22.449911897148077,68.14530289045723,35.24114076877896,23.6,23.7,19.7,224.868933411647,761.3298402961002,31.0,16.07038852
160,1.8402683903949666,22.56863371592892,67.0791653353651,35.38906776120137,23.6,23.7,19.7,225.67404822179074,766.6914493572887,30.8,16.66899556
161,3.351800072940727,22.77536985166238,69.99828812579547,30.255515832355414,20.6,11.2,0.0,371.9555309663158,642.9055219107494,29.2,12.761116
162,2.402035125483098,22.454870113986598,69.01325766841153,29.829753925933176,20.6,11.2,0.0,372.6921383493958,654.7331343867717,29.1,12.514594
163,2.57483958628493,23.004317993897754,70.39587252005474,31.555686648066573,17.8,11.7,10.4,370.68261052468705,665.0774386027687,29.1,12.986286
164,2.6746460273148225,22.23060702524436,70.64408819645276,32.52799423040643,17.8,11.7,10.4,370.34772786431904,679.2836724800417,29.1,12.933056
165,2.502399803770345,22.02158997907984,70.12144068416224,33.55951631276932,17.8,11.7,10.4,373.10285783020004,670.879000360855,29.5,13.338127
166,2.502399803770345,22.422539994764065,69.81247331913498,34.58783517652414,17.8,11.7,10.4,373.10285783020004,670.879000360855,29.5,13.338127
167,2.9049921279589817,22.076546890892118,69.2716388242561,34.8668719434885,14.6,9.8,9.6,375.07837208978304,673.8885096066766,29.7,13.060717
168,3.02376308469999,21.939593984788853,68.96257227601649,34.98101492261706,14.6,9.8,9.6,375.8583678603991,666.4673906771152,29.7,13.56818
169,2.9029364845713035,21.078240071934403,68.17564591477873,34.45183110934622,14.6,9.8,9.6,369.03123623558514,657.6178119800903,29.7,13.443176
170,2.7347760397753,20.822405437272757,67.69915670266707,34.06141141343089,14.6,9.8,9.6,367.5157922108199,639.5273769014539,29.8,13.449684
171,2.671567113472111,21.2909118184305,66.05675811618119,34.05310484191205,12.9,9.9,8.6,375.24156614279536,627.324108962876,30.0,13.911029
172,3.08051953726664,20.672252384125493,65.59103372185749,33.75244420654774,12.9,9.9,8.6,383.37830309253576,628.6029516183651,30.3,13.58619
173,2.5057867605866235,19.740127764725298,64.70532034551195,33.736922789631166,12.9,9.9,8.6,388.65968636409036,633.1649780472235,30.7,13.658596
174,2.610661605135813,19.766746346909205,64.32074212752725,32.794142098591884,12.9,9.9,8.6,391.3293212495762,636.9841568038074,30.6,13.839748
175,2.6052706136978014,20.369253972345362,62.91845694699776,32.430613101337144,14.3,10.6,10.3,391.28906574527144,628.0576780925073,30.9,13.477291
176,2.4403783110068393,20.775684196193847,60.952899651224904,32.692690386166305,14.3,10.6,10.3,397.5784743969752,620.8406213014653,31.0,14.131584
177,2.4403783110068393,20.775684196193847,60.952899651224904,32.692690386166305,14.3,10.6,10.3,397.5784743969752,620.8406213014653,31.0,14.131584
178,2.3600475310271984,21.069200554528653,61.212701346712436,32.12263995246897,14.3,10.6,10.3,403.2875627145498,618.4974914180091,30.9,13.858144
179,2.3001936575121955,20.66905810542486,60.90406190503428,32.05562955033869,14.3,10.6,10.3,402.87095219029095,616.5662970559156,31.2,14.433401
180,2.3180258819300996,21.296357993655715,63.96378387437431,33.53464620827099,14.3,10.6,10.3,397.54345793732045,612.2556532168667,30.9,14.384261
181,2.418515255866101,21.692560262673183,64.5070873708657,33.661007447745654,15.3,10.7,7.3,397.5614639224794,608.2445743573315,31.1,14.18146226
182,2.245461470102831,21.754395709026277,65.505189158309,32.957899581058776,15.3,10.7,7.3,396.60562396851594,602.1526279040244,31.8,15.62152999
183,2.144791179101913,21.43211222432225,66.60504835654882,32.485884074629254,15.3,10.7,7.3,397.82518964417403,602.461177502207,31.7,15.54615325
184,2.867624263718094,24.93024697736902,77.60669629017256,38.0541490131239,15.6,14.6,26.6,198.1244187248114,592.8490234576832,28.2,12.737148
185,0.7264048150262025,25.03502308929591,77.93285944066828,38.21408187619986,15.6,14.6,26.6,199.08680537539564,603.7461734032066,28.2,10.541938
186,1.7531923801549087,23.28867490056521,75.36110529621101,38.20389365710697,15.6,14.6,26.6,197.95373665480426,623.220640569395,28.5,13.192761
187,1.6700589739575178,24.085381765043575,73.29993215385417,40.08141537498043,18.7,14.0,26.3,199.49376337351913,652.3667867021554,29.3,13.69492
188,1.9998961092930236,22.466365383616434,71.76250584385227,40.30959430678926,18.7,14.0,26.3,198.4831956781466,649.3169186016311,30.1,13.877334
189,1.9998961092930236,20.75216871850813,69.9444184717677,38.77720637888941,18.7,14.0,26.3,198.4831956781466,649.3169186016311,30.1,13.877334
190,2.3838838969952585,19.77837738715846,69.1588295392031,38.90184161580174,18.7,14.0,26.3,203.5208131401776,670.6834673722263,29.3,14.316463
191,2.28442390505199,20.034660224766306,65.95945804012183,38.25753597311206,14.7,14.0,31.0,199.40132339040017,652.4787312257115,28.5,14.683222
192,2.2491304234118785,18.882234484922982,63.73407955645057,37.921385045897956,14.7,14.0,31.0,193.68674320684153,662.2381462980882,28.8,13.471931
193,2.215272348188689,18.191295282772998,60.90695856137607,36.512900703674745,14.7,14.0,31.0,190.61767005473027,665.4938754235079,29.8,14.240288
194,2.105044309883313,18.3216819563918,58.60339405909717,35.91569427479924,14.7,14.0,31.0,193.09233607941994,697.7832064242833,29.5,15.37325
195,1.968503937007874,19.68503937007874,56.20596767509325,35.0445503522586,13.9,10.7,26.3,197.1871114794861,714.3079154579361,29.6,14.159986
196,1.3769538720452865,20.220822602442816,54.721166840910826,34.24535278068185,13.9,10.7,26.3,200.8567712981615,723.2067725731189,30.0,14.434878
197,2.057456374304656,19.558535903883765,55.04330818664432,32.055678325586115,13.9,10.7,26.3,212.7308288247098,738.8046432472249,30.3,15.259117
198,1.7427323011643472,18.841714444472505,54.47932715378981,30.737756674159574,13.9,10.7,26.3,216.5534311620741,748.6676937842548,29.8,11.631584
199,1.759059154646429,18.5706387897673,54.480574961049406,29.7029702970297,11.5,8.9,28.8,221.0886063225612,758.0791074031262,30.2,14.953488
200,1.759059154646429,18.5706387897673,54.480574961049406,29.7029702970297,11.5,8.9,28.8,221.0886063225612,758.0791074031262,30.2,14.953488
201,1.9986009793144799,18.661936644348955,53.48755870890377,29.904067152992905,11.5,8.9,28.8,224.74268012391326,767.4377935445189,30.1,15.382804
202,1.9926769123471242,18.307719132189206,54.7238897053329,29.068174458863673,11.5,8.9,28.8,231.82305029018357,773.7564450643883,31.0,16.233234
203,1.4126744157228184,18.786091352945547,58.687947656695336,28.724379786363976,11.5,8.9,28.8,235.37138466876505,781.2337356563979,30.3,14.947487
204,1.6335420637081406,19.206494567235108,58.43625473355939,29.304754597430886,12.8,9.4,25.3,240.40294037571465,789.6690839789125,30.2,15.89431241
205,1.4289233801428924,20.374476472037447,57.8960335057896,30.22912047302291,12.8,9.4,25.3,239.76348854397637,792.5104705592511,30.4,17.21375106
206,1.5177107047563096,21.00315781743409,58.13811167413282,31.382340701574016,12.8,9.4,25.3,240.50818829404423,800.2252086852219,30.6,16.37472762
230,2.6010636752012553,25.458455636606704,78.11909674794386,35.89177250138045,21.9,31.7,2.3,120.33188991252288,645.7758144671453,28.4,13.694559
231,0.8867052359217373,25.46733726778498,78.14634997238132,35.90429397912609,21.9,31.7,2.3,120.35933366281944,651.2486554059948,27.9,15.434965
232,1.2041201218627593,24.76425359059916,77.6584941244741,36.16712606992601,21.9,31.7,2.3,119.81720586101842,663.4121572609895,28.3,13.626564
233,1.4621999594637634,24.52442308249124,77.46764339693662,37.61183658105799,23.9,31.3,5.2,120.8848481338854,682.4709731592205,28.4,14.179087
234,2.244295146530754,24.614849994208267,77.31958762886599,37.77655507934669,23.9,31.3,5.2,119.9611954129503,682.5697903393954,28.6,14.164652
235,2.244295146530754,24.571412023630256,75.82821730568747,38.58739719680297,23.9,31.3,5.2,119.9611954129503,682.5697903393954,28.6,14.164652
236,2.4453769353205037,23.42642164665027,75.21342786861526,39.039212849081174,23.9,31.3,5.2,119.3170308204312,700.3328027781797,28.9,15.490087
237,2.6698608786007045,22.989666916815793,74.69837787912024,39.09542227096923,19.8,30.1,5.8,116.85331640016165,700.1241124516539,28.9,16.206035
238,2.300337862123499,22.227014592768313,73.82646826252606,37.26547336640069,19.8,30.1,5.8,115.77888002300338,712.112716555244,29.0,13.914446
239,2.4777290825241325,20.609549998567786,72.48431726389963,36.96542636991206,19.8,30.1,5.8,117.36988341783392,718.1690584629487,29.4,15.471302
240,2.566515527418941,20.261214247012862,71.62004163458522,36.87227307725212,19.8,30.1,5.8,120.34106139675478,715.1880685544814,29.6,15.503993
241,2.970070824765821,21.233150559744118,68.59721270276445,37.08304774960018,21.2,28.9,6.4,123.12942654786384,728.1100068540096,29.4,17.225338
242,2.636727056221825,19.87468458506989,64.99673953105952,37.01341045051175,21.2,28.9,6.4,124.25221853647473,739.7578747412889,29.5,15.385427
243,2.2271714922048997,18.83228552902371,65.65927095373686,36.565081334047534,21.2,28.9,6.4,126.04662964111526,748.3860054692566,30.2,15.942402
244,2.3279154701831666,21.29972957149628,64.45677325824528,36.006021913072566,21.2,28.9,6.4,128.52323733586104,755.1088683821685,29.1,15.550428
245,2.195829305344566,19.941996961745613,63.8447728214335,34.29084380610413,21.2,28.9,6.4,134.69134097500347,750.5455047645353,29.9,17.383721
246,2.195829305344566,19.941996961745613,63.8447728214335,34.29084380610413,21.2,28.9,6.4,134.69134097500347,750.5455047645353,29.9,17.383721
247,2.129647440301173,19.853810007969003,64.54892693248331,34.67890412464621,20.0,26.8,8.5,139.12780632573987,757.3988073974335,29.9,16.123531
248,2.215475506687454,19.515330543475287,64.08468039714451,33.13640217718334,20.0,26.8,8.5,142.51524848882687,766.5134979896611,30.0,15.503182
249,2.4423522990858233,20.084595442761632,63.84227043252831,32.78755628325829,20.0,26.8,8.5,145.32678400873243,775.9994542229499,29.7,16.027394
250,2.329097372614718,19.953962870646563,64.52008335716911,32.29409280976314,20.0,26.8,8.5,146.7058935697844,782.4813740312453,30.5,14.92063425
251,2.3102848445314197,19.161774298760598,63.682322243966084,32.31680800173951,20.0,26.8,8.5,146.33616003479017,789.0166340508806,30.6,16.26484198
252,2.4284687080275136,20.160360335915563,62.97738403722748,32.08563404740263,20.2,24.4,6.7,146.9969745892632,796.8904747045815,30.8,16.90646047
253,1.9168570493720989,17.697628830456598,79.12392104402112,38.36609653199443,9.6,39.8,17.0,145.73036017801869,588.1305431770603,28.9,13.458648
254,1.468855934033968,17.603230331011005,78.70187696747492,38.16145318813741,9.6,39.8,17.0,147.96851464103753,600.8139189940352,29.1,13.571608
255,1.5827802649585592,17.604859192553505,79.30471948505358,38.495273086735786,9.6,39.8,17.0,146.9871463386064,613.6644791538697,29.5,14.096696
256,1.5260494076257,17.14176913742686,79.16132644100838,38.995251343463416,9.6,39.8,17.0,151.559156438536,633.4952215045085,29.6,14.532722
257,1.6790542931974233,16.164790826077724,78.60692291356976,39.75932611311673,11.6,35.9,19.9,153.05726622779076,631.1885042825794,29.7,14.287503
258,1.6790542931974233,15.842004671904862,78.09726056487577,40.14157287463722,11.6,35.9,19.9,153.05726622779076,631.1885042825794,29.7,14.287503
259,2.0539642632665887,14.93894226452366,75.95458830923947,40.2992277992278,11.6,35.9,19.9,153.02594953757745,647.7984421298376,30.3,14.9368
260,2.2054523683551,13.433209879981064,73.81860711202695,39.244242711147,11.6,35.9,19.9,152.61062070117794,650.9871627078054,30.3,15.255688
261,2.0661668615448106,13.703831075039549,70.55505880734576,38.74544329046014,10.7,37.3,18.2,152.54969392667996,658.2323406011418,30.3,15.910394
262,2.0285185848099756,13.106725027254829,67.68689219020345,38.21099847589914,10.7,37.3,18.2,155.30642020708245,660.8739986223429,30.5,15.186666
263,2.0833109898006246,13.261333533531387,64.738151671475,37.85083815059898,10.7,37.3,18.2,160.16291116568894,658.0581503844876,30.6,15.51643
264,2.195386774714653,13.503350017213526,62.034903736659516,37.35600222451736,10.7,37.3,18.2,161.534387330844,668.8567569714785,30.8,15.53189
265,1.7043401768743813,14.100731478718002,60.50538529607347,36.346166936324174,11.0,31.3,22.1,164.64816240188918,679.3248613750961,31.1,14.918934
266,1.7457431322879595,14.318201832771276,59.596147968566264,35.01587745608445,11.0,31.3,22.1,166.13828150496525,690.076201428712,31.0,15.067319
267,1.7189745586641696,15.045510555938405,58.65776523060133,33.080653466513304,11.0,31.3,22.1,167.68071648704108,696.5433496691422,31.1,15.603518
268,1.6852338040161783,15.476274949062859,58.38511520410335,31.677327143161246,11.0,31.3,22.1,170.6014130622092,704.7622426533943,30.9,16.301132
269,1.6852338040161783,15.476274949062859,58.38511520410335,31.677327143161246,11.0,31.3,22.1,170.6014130622092,704.7622426533943,30.9,16.301132
270,1.645091558373165,16.012057317397343,58.63898766682883,30.035459747919813,11.8,30.9,24.1,173.70762509968353,713.3553347610856,31.1,15.250347
271,1.5716527391130821,16.99814326829401,58.768409284154316,29.254059896330414,11.8,30.9,24.1,176.64732261271155,720.0995545331275,31.2,16.010296
272,1.5596325761489376,17.962834496907792,59.605516277742524,29.47311970795019,11.8,30.9,24.1,182.3663119363552,727.7358759772303,31.2,15.229991
273,1.7164887915479408,17.489629038204697,60.11617430540804,29.629575370461254,11.8,30.9,24.1,183.11004329067748,726.1699836652774,31.2,16.38840136
274,1.6242254066615027,17.856797056545314,60.53689000774593,29.41034082106894,13.8,27.5,19.6,183.68754841208366,727.7352827265685,31.3,16.04827858
275,1.7365322675556687,18.13631418023908,60.941954667621,29.571487245014374,13.8,27.5,19.6,186.41181514457892,731.7357876963206,31.4,16.10192179
276,3.5134531449027766,15.206853044690883,62.65658108409951,43.622358118672615,33.0,0.6,0.0,222.4039988167752,613.6469281432426,28.3,12.264849
277,1.9067042375898293,15.199329033192342,62.62558000615455,43.600774749443374,33.0,0.6,0.0,222.2396534142677,625.531735161195,28.3,12.660645
278,3.0019190624868406,15.641261648228026,60.62793649647771,45.895071197819846,31.6,0.0,0.0,221.70886799376757,632.8153669379824,28.0,13.678287
279,3.17209040157825,16.48407658589529,60.44361294500711,46.963727835842825,31.6,0.0,0.0,226.05791313629194,646.536784855517,28.1,13.217875
280,2.5382078097780862,17.79738636431663,59.67182888648105,48.04037187138949,31.6,0.0,0.0,227.8819733368453,645.4530760803846,28.4,14.251632
281,2.5382078097780862,18.461870012631177,58.68408292277024,49.0281178351003,31.6,0.0,0.0,227.8819733368453,645.4530760803846,28.4,14.251632
282,3.61544489563297,20.255990121345967,57.64527083184916,48.17031179501792,32.1,0.8,15.6,228.28358386169884,649.5927429887678,28.9,13.342172
283,3.7830349531116796,20.02818035426731,57.30794733352278,47.669792554703044,32.1,0.8,15.6,229.45675854883015,642.8436108743015,28.8,14.360007
284,3.4868242805479968,19.77241403682369,56.18970208856062,46.824751740467185,32.1,0.8,15.6,229.25280654015148,646.216913453723,29.0,14.012608
285,3.2821604923825793,19.18396480307037,55.621211766633124,45.42954763520629,32.1,0.8,15.6,231.99784699632588,647.2350284336899,29.1,14.199488
286,3.5479792830634964,19.83722407033039,54.80433680751776,45.36636235995969,28.2,3.2,12.7,236.4911708331634,648.1266785903628,29.2,14.536081
287,3.562193102245983,19.827410872533925,54.08373768777058,45.09399424702908,28.2,3.2,12.7,230.50236801580616,656.169916029869,29.4,13.835072
288,3.083443525057309,19.85183303211054,64.46937632446603,33.057517192796055,28.2,3.2,12.7,228.5790175710087,665.1749883071664,29.4,13.907553
289,2.8186120054539,19.690181834847667,63.728129976969875,32.91818004743518,28.2,3.2,12.7,232.0084329204716,673.0352784811578,29.4,13.658616
290,2.8627793335676466,20.776408430743416,62.18750354304373,32.20485028514416,26.5,2.7,16.9,237.5369893765377,675.423181143071,29.8,14.607843
291,2.6391920012180883,20.656752778764655,61.42324631894748,32.03685845923069,26.5,2.7,16.9,247.98254072983812,673.208253678233,30.1,13.654988
292,2.6391920012180883,20.656752778764655,61.42324631894748,32.03685845923069,26.5,2.7,16.9,247.98254072983812,673.208253678233,30.1,13.654988
293,2.4479666717198088,20.605591021127747,61.609032772434546,30.914001134149697,26.5,2.7,16.9,251.26468920368094,679.0356358818013,30.0,14.301865
294,2.5144623586664947,20.496508313406174,61.321520773715186,30.078345942979386,26.5,2.7,16.9,255.09192627977174,684.7121808620855,30.1,15.058451
295,2.0116428041626397,19.94785462228316,63.344271875210715,33.48991930952327,23.6,2.7,11.5,256.7316985457733,690.5553932255963,30.0,14.00596
296,2.3183488832343793,20.073508623126944,62.668928470455185,34.492507774950525,23.6,2.7,11.5,255.31806615776082,694.9222504947696,30.6,14.71339506
297,2.2210135073882693,20.459387181579185,62.91360710724322,33.89878524159188,23.6,2.7,11.5,253.30319100716164,696.6560148671924,30.8,14.36139516
298,2.131965843064573,20.296314825974736,62.86172353803995,33.520188295223264,23.6,2.7,11.5,253.46515515026095,703.0711678624626,30.6,14.0820173
299,1.9119951137902649,14.313407865735455,80.83490453302176,36.142018748174316,0.0,47.5,0.0,91.82887643731577,669.8887325065724,29.3,13.772814
300,1.0789473684210527,14.18421052631579,80.10526315789474,35.81578947368421,0.0,47.5,0.0,93.21052631578948,687.3947368421053,29.6,15.099353
301,1.797389877308604,15.421084164734689,78.27763161322254,36.807418791841414,0.0,47.5,0.0,90.91145901169607,704.8633723201959,29.6,14.709307
302,1.9878149524989674,15.282940933498555,76.51796778190831,37.07145807517555,0.0,37.3,12.4,93.53056588186699,725.5524576621231,30.3,14.079754
303,2.0220117737394423,14.845149731251599,74.6352700281546,37.65037112874328,0.0,37.3,12.4,94.16432045047351,719.3498848221142,30.9,17.400612
304,2.0220117737394423,15.792167903762477,72.58766316867161,37.906321986178654,0.0,37.3,12.4,94.16432045047351,719.3498848221142,30.9,17.400612
305,1.8591563449991206,14.848127025601084,69.91935281260206,38.26344747883326,0.0,37.3,12.4,93.8873954224556,726.6286460819537,30.5,16.724184
306,2.3992802159352196,15.020493851844448,67.95461361591522,36.738978306508045,3.1,34.4,19.5,94.02179346196141,718.9093272018395,31.3,15.267789
307,2.432546479013081,16.779606324620847,65.43053590488248,35.42085536277211,3.1,34.4,19.5,95.78772308685184,731.1291483605133,30.8,14.879624
308,1.7428873014704076,16.667894052090237,63.43127869013428,33.875837690551585,3.1,34.4,19.5,99.32002847534183,728.4287011807447,30.7,18.980566
309,1.9365592979359711,17.306466637250576,61.52865617492768,33.31372260626563,3.1,34.4,19.5,105.48119821542384,756.2876893660832,30.8,14.929907
310,2.6326053042121687,16.91692667706708,59.526131045241804,31.981279251170044,2.1,31.1,26.6,106.74239469578784,768.3307332293292,30.8,16.292005
311,1.742877199777299,17.404565369998306,57.58756747597493,31.759095640386334,2.1,31.1,26.6,113.06915833555227,778.0252233061412,31.4,19.088438
312,1.8757214313197383,16.616968064640247,55.670450173143514,31.1177375913813,2.1,31.1,26.6,117.11235090419392,786.3120430934974,31.5,16.126101
313,1.7188693659281895,17.212566844919785,54.9083269671505,30.1279602750191,2.1,31.1,26.6,123.80634071810542,798.4625668449198,31.7,16.091982
314,1.9486692015209124,17.134030418250948,53.80228136882129,29.515209125475284,4.8,29.1,29.1,130.18060836501903,807.0817490494296,32.0,16.771159
315,1.9486692015209124,17.134030418250948,53.80228136882129,29.515209125475284,4.8,29.1,29.1,130.18060836501903,807.0817490494296,32.0,16.771159
316,1.7208863743517209,16.36020744931636,53.936822253653936,27.204148986327205,4.8,29.1,29.1,134.77133427628476,812.7298444130128,32.3,16.803195
317,1.433405395243914,16.942381802801016,53.12999342043425,26.71773662938246,4.8,29.1,29.1,138.7818403985337,823.8321270796127,31.7,16.792417
318,1.5127184714561661,17.105355023388952,53.2709627871256,26.5307547301543,4.8,29.1,29.1,140.45009192673788,824.8737461891131,31.2,15.521942
319,1.8277306063901164,17.282465354093887,53.21241005945909,27.161464960784766,4.5,26.8,25.9,144.76089119218935,829.1418920482151,31.2,15.76490884
320,2.065588228467983,17.267389235732356,53.241116810174766,26.5741406920881,4.5,26.8,25.9,147.3994476292153,836.8881565205282,31.6,16.92826628
321,1.4246323529411764,16.452205882352942,52.5735294117647,27.22886029411765,4.5,26.8,25.9,146.32352941176472,843.2904411764706,31.5,16.93198626
322,1.6446858029480218,14.491854150504267,85.67882079131108,43.0411171450737,10.2,63.6,0.0,104.91854150504267,676.6175329712955,29.2,13.220476
323,1.018078608008885,14.407354846671192,85.17924353674339,42.790152403282534,10.2,63.6,0.0,107.48442031221077,686.7094465354477,28.7,14.00679
324,0.7956423281718588,12.69967562274313,81.88995654568824,45.90244200991493,10.2,63.6,0.0,105.82042964685722,701.6035253075463,29.9,11.001687
325,1.1832165286247383,13.015381814872123,79.73059069809776,46.266800157762205,15.3,50.4,13.4,107.49067079275508,732.411031218713,30.0,14.421729
326,1.3276205419105667,12.159797236135416,78.05805322551446,47.16070243195944,15.3,50.4,13.4,108.68384527186048,728.4110795968861,29.8,15.95078
327,1.3276205419105667,14.362440407941584,75.79506366543963,47.04000965542212,15.3,50.4,13.4,108.68384527186048,728.4110795968861,29.8,15.95078
328,1.382668550302083,12.263668880940216,74.24328954882924,46.28933842315669,15.3,50.4,13.4,111.57534040698548,731.0409089542818,30.0,14.980148
329,1.5701377573692787,12.975855428825358,71.69308250629535,43.90460672492964,13.1,35.2,13.8,111.53903125462894,725.4628943860168,29.9,17.437767
330,2.2354913668853134,12.70700355913757,71.12392269906168,42.062534929552605,13.1,35.2,13.8,116.89266700002942,739.9476424390388,30.9,17.269827
331,2.0041244299863483,12.605652211798194,68.28545702750588,40.40198669726103,13.1,35.2,13.8,117.43007348456243,740.3061372680007,30.6,16.218434
332,1.627083809088833,11.018497373829641,66.25371089289791,39.36401004795616,13.1,35.2,13.8,122.0598310116465,758.2496003653803,30.0,17.921449
333,1.9109175214275678,12.533370802304342,64.69017844597442,36.672755374455534,10.9,33.8,21.1,126.68259097934522,771.6172544611494,30.7,18.316424
334,1.6998745994147972,13.821931169012123,62.22655705726627,36.44977009892713,10.9,33.8,21.1,132.7574195346245,785.2584645395012,31.0,18.134995
335,1.7998061747196457,13.484701647514884,61.24878859199778,35.27620102450505,10.9,33.8,21.1,136.12072546033505,802.9350685310814,31.0,15.925695
336,1.2874243295806282,14.983427835757526,59.24891116772126,34.84263291971403,10.9,33.8,21.1,136.5217629495713,808.2011668994987,31.6,17.681013
337,1.4117391540424609,14.361731009393495,60.51474181462779,32.90438182114351,12.8,32.1,24.5,138.26899060650484,815.9852310365422,32.4,17.230461
338,1.4117391540424609,14.361731009393495,60.51474181462779,32.90438182114351,12.8,32.1,24.5,138.26899060650484,815.9852310365422,32.4,17.230461
339,1.6722408026755853,16.075089006365303,59.76912288272737,32.71658215557234,12.8,32.1,24.5,140.9267450641925,825.6554105081453,31.6,16.914651
340,1.5517149125153833,16.13248434908235,60.276098239606185,30.71325378564931,12.8,32.1,24.5,143.39986088073198,831.5586708759163,31.9,15.875067
341,1.1443779108449768,16.73985362608117,60.359281437125745,31.696606786427147,12.8,32.1,24.5,146.00133067198936,838.8023952095809,31.4,16.088117
342,1.1363336064057503,15.750112312042493,61.49414656060886,31.13025554292963,15.1,29.8,24.5,145.84709706403106,846.3042731428874,30.8,16.47465398
343,1.4236751911415766,18.21776957553388,61.92987081465858,30.767202741892962,15.1,29.8,24.5,146.19035064592669,854.1523859741629,31.6,21.12548358
344,1.5219901333053427,17.79153983415556,61.5356355620867,31.122074105174768,15.1,29.8,24.5,146.13729400650783,861.8400335887477,32.0,17.32206153
345,2.963889493147705,22.56906678268436,70.19523602349358,35.25396998042202,27.7,5.5,27.2,194.43386991516206,634.5714596475962,28.6,13.974992
346,1.21410544983289,22.645112884523567,70.43175772457539,35.372757656367234,26.6,5.4,33.6,197.08069026669395,652.5475751995089,28.4,13.024601
347,2.212238320883803,21.917546327274714,68.27896052110502,37.362247197148676,26.6,5.4,33.6,196.72534105340782,669.4342405331222,29.0,12.877323
348,2.1805672183546876,21.507706476690956,66.44635262887016,38.586559037841646,26.6,5.4,33.6,197.14494677248965,694.3955359319555,28.8,14.062475
349,2.2306943543153794,20.31959766385464,65.16331386545534,38.42202033311702,26.6,5.4,33.6,202.66872160934457,693.1375730045424,29.6,13.847079
350,2.2306943543153794,19.359723123512868,63.67618429591175,37.80012978585334,26.6,5.4,33.6,202.66872160934457,693.1375730045424,29.6,13.847079
351,2.3046472534027442,19.386150425681905,62.75418903530178,36.91502630009219,27.2,4.6,35.6,207.30979881785152,712.203785044195,29.1,14.983244
352,2.233774673056616,18.357566404028915,61.76048520293505,35.808084910513635,27.2,4.6,35.6,209.24376573795792,697.1678444751307,29.8,15.630282
353,2.764098917170958,18.100822520697196,59.562306278261566,35.289224039609806,27.2,4.6,35.6,209.99100996954124,704.2279979067989,29.0,13.608336
354,3.0543271848399134,18.511878676812344,57.75334316029906,33.87647238489835,23.0,5.1,32.6,216.76427233974744,711.9105480525344,29.4,14.857975
355,2.696379713707919,17.02420132968529,56.30675284507712,33.242132254781446,23.0,5.1,32.6,224.85692004705447,699.3007917311022,30.2,14.36254
356,2.2918958562522915,17.064801718267066,54.38996280580439,32.8985279480329,23.0,5.1,32.6,226.55717952747656,712.3081355754623,29.8,14.635501
357,2.242704727828984,17.215675598594743,52.943387910136245,31.7349200793373,23.0,5.1,32.6,228.820700294274,724.5102995890536,30.3,15.554503
358,2.0652940799179014,17.81797190686935,51.491244949009044,30.004489769738953,22.6,4.9,33.6,233.3269193765634,732.8715284458983,30.2,14.52436
359,2.0055088026604726,18.290748004011018,51.597425840600124,28.254826548874757,22.6,4.9,33.6,238.0716652069609,738.7634388129419,30.7,15.128259
360,2.1280078572597807,18.58544140423335,51.70177669768437,27.210798695493406,22.6,4.9,33.6,244.69572005993678,748.3284435322413,30.8,15.783399
361,2.1280078572597807,18.58544140423335,51.70177669768437,27.210798695493406,22.6,4.9,33.6,244.69572005993678,748.3284435322413,30.8,15.783399
362,1.8538002905957212,19.489954406533393,51.71852297209279,27.03041234530788,22.6,4.9,33.6,248.94784307831054,755.5112981612306,30.4,15.730252
363,1.9561960653220913,19.128626081788806,52.965865616758904,26.804838490014735,22.8,3.7,35.1,249.74928499795715,758.4469288959873,30.6,16.236283
364,1.770107312755836,19.12699290727834,59.10191638701429,27.52271023097442,22.8,3.7,35.1,256.6655603495962,762.449140145788,30.6,15.063683
365,1.609932797502165,19.67289092705297,59.05526216292032,27.344464636362527,22.8,3.7,35.1,258.1502847873547,763.803344269493,31.4,16.44980804
366,1.9794044785544276,19.30830135522417,59.85573420119493,28.18526254432409,22.8,3.7,35.1,259.44770971972605,768.8468450964201,30.7,14.41152174
367,1.8169347949029564,18.28967475663903,60.28373061234312,28.613714849531327,19.7,3.2,33.4,258.185231087634,776.9742620958523,31.1,16.36180611
391,3.5915181133870147,21.0530199911442,69.56311396100169,35.64458730340948,25.1,24.4,6.4,159.85125539137707,621.439231185529,28.8,12.403743
392,1.1925496383419052,21.04378829170338,69.53261070016188,35.62895723623548,25.1,24.4,6.4,162.97358768928137,637.4444194004467,29.1,13.8065
393,2.238404331658947,20.39435057733707,66.80556461608715,35.89601409093875,25.2,22.0,15.5,163.00802400678452,651.3348881205559,29.1,12.924934
394,2.1032970602566183,20.2208867955173,65.28341724866006,36.27172324183856,25.2,22.0,15.5,169.08802988468412,678.1021601429268,29.8,13.677946
395,2.3459626347712987,20.181761457333057,63.507112845259655,36.696690126293014,25.2,22.0,15.5,172.96105864096236,676.6542277974288,30.0,14.00725
396,2.3459626347712987,20.28710692970621,63.049265215330195,36.70074187523045,25.2,22.0,15.5,172.96105864096236,676.6542277974288,30.0,14.00725
397,3.0007622904205506,19.83165078225517,61.57209291069909,36.4205423151849,24.9,21.5,17.6,178.04926251426772,696.588246207706,30.2,14.425997
398,2.7874648550156267,18.61929987571044,60.374960279631395,35.4567138484311,24.9,21.5,17.6,179.48779830499612,693.1938394211084,30.2,14.991511
399,2.7653452685421995,18.346387468030688,59.43893861892583,34.53484654731458,24.9,21.5,17.6,181.0701726342711,699.0209398976982,30.2,14.563066
400,2.68832148671723,18.051860382003735,57.19334471667395,33.47496326887186,24.9,21.5,17.6,186.22880514632885,700.9490529325338,30.4,14.456641
401,2.623166157595708,17.891338408216882,56.12705145045658,33.464161932042984,20.7,20.8,19.4,191.1825217212401,700.919492933673,30.3,14.943646
402,2.9496560693188765,17.81936979990912,54.13578602654299,31.886056313752526,20.7,20.8,19.4,191.50828097334733,711.2274956519014,30.9,14.692955
403,2.2296587415852755,17.506517763337094,55.07218179695708,30.872796606871862,20.7,20.8,19.4,196.2527724814195,720.2109031479824,30.9,14.085211
404,2.047955322948284,18.408457168422146,54.928398699490515,30.29508297883008,20.7,20.8,19.4,195.40424941087537,730.884786121728,30.5,13.822774
405,2.1840825896869993,19.572593014760727,53.57313616664818,29.2613516831971,19.1,18.4,20.2,198.28868905319447,735.7948568871276,30.6,14.967733
406,2.0172987156784306,19.357725457778926,54.07270617589177,28.45832116760643,19.1,18.4,20.2,201.65403327026115,740.5988950360041,30.6,14.630127
407,2.0172987156784306,19.357725457778926,54.07270617589177,28.45832116760643,19.1,18.4,20.2,201.65403327026115,740.5988950360041,30.6,14.630127
408,1.9368060716618245,19.142850708285476,54.846144029307325,27.287946009654004,19.1,18.4,20.2,206.3299026342064,744.4241755436944,30.8,14.389875
409,2.0227062696471583,18.764775962084464,54.679874258186395,26.811064388864352,19.1,18.4,20.2,211.78291351353357,748.7576129839185,30.9,14.853203
410,1.786819534911138,18.97344454596363,56.76559875033158,27.85964808865572,19.9,18.9,19.7,218.10619234283357,750.8178844056706,30.6,14.567679
411,2.1083918387665905,18.90963930393786,56.82408837675791,27.566491211373602,19.9,18.9,19.7,221.89359942019223,753.4023441217597,31.0,14.51661408
412,1.7656868194748716,19.11374147583807,57.50471394783594,27.121094871152092,19.9,18.9,19.7,224.5074424062751,756.8947163820133,30.9,14.91166165
413,1.7876321802625226,19.563039263034216,57.809718087521894,27.2109333890767,19.9,18.9,19.7,227.5735055611219,761.4087694891552,31.2,14.96726007
414,2.8127227111161752,24.979390494829193,80.96351950027815,40.633678053837166,15.2,33.8,9.8,189.79734545105214,583.6232068613455,28.6,12.509356
415,1.6199412993798383,24.87989514885436,80.64103391418315,40.471830155385305,16.1,31.7,22.6,192.87759874855084,596.3542419987583,28.7,12.916301
416,2.060039213608182,24.303163584335753,78.73854061787928,39.692738416971366,16.1,31.7,22.6,193.19546747213536,608.9590730044337,29.3,12.673056
417,2.2229495377275392,23.804450731574452,77.1706157702015,39.78903945296111,16.1,31.7,22.6,196.84525679240684,634.4192544332686,29.1,13.248145
418,2.3573713778376475,23.027013551605222,75.15378677379076,40.99158300330863,16.1,31.7,22.6,199.0972885855553,631.5918379842944,29.3,13.191861
419,2.3573713778376475,22.863003483573845,72.76142658143975,42.452366009241416,16.1,31.7,22.6,199.0972885855553,631.5918379842944,29.3,13.191861
420,2.650005760882089,22.139178563431656,70.16754384248662,42.302265874491034,17.1,28.7,24.6,203.35913773725594,645.6383600833915,29.6,14.636236
421,2.522682488469284,21.19269829583595,68.22069682336891,41.10998029492648,17.1,28.7,24.6,202.88213767566748,659.1498668283493,29.8,14.49941
422,2.244938693428511,20.56930443386123,66.69356586834701,39.046051290195884,17.1,28.7,24.6,203.2849934647817,659.8832030939806,29.7,15.067532
423,2.2285801609671614,20.921061568241246,65.0957652732027,37.11116582334363,13.3,26.1,30.5,206.8568105409719,657.5096784052705,29.7,14.821471
424,1.8560028314050006,20.27909563575997,63.80562741743842,35.92766434367863,13.3,26.1,30.5,213.15802779158838,669.6820568134896,30.0,14.184434
425,2.6163743691363877,19.724080040592433,62.48185973477105,35.16757950917401,13.3,26.1,30.5,215.21297454411817,683.7799405730132,30.1,14.514437
426,1.895868001225277,19.414019488529586,60.669845764101034,34.33673596105606,13.3,26.1,30.5,216.36697050228085,696.6424922799262,30.3,14.581741
427,1.9689565967231966,19.81891348088531,59.42799655073297,33.29158625220712,15.1,20.1,25.4,219.5417402373424,709.2247361721348,30.5,14.95872
428,1.90563739198168,20.158674310909724,58.051775578148415,32.75987951978751,15.1,20.1,25.4,222.84161651742224,716.255269992414,30.5,14.832139
429,1.932137209977734,20.315676530381747,57.92377940559553,31.279244247958957,15.1,20.1,25.4,227.1471328535932,721.8508987059924,30.2,14.701521
430,1.932137209977734,20.315676530381747,57.92377940559553,31.279244247958957,15.1,20.1,25.4,227.1471328535932,721.8508987059924,30.2,14.701521
431,1.8755071984611222,20.62657168905854,57.47347539899612,30.53510063819342,15.1,20.1,25.4,231.080119824071,726.8472042719885,30.4,15.215804
432,1.8983110205511071,20.531208710740383,57.53633454846464,29.740205988634013,12.3,18.4,29.5,233.5141438099938,732.234674222767,30.4,14.822316
433,1.797157044181927,20.781238235259153,61.672009923001625,31.885172166455977,12.3,18.4,29.5,237.22274840197667,737.3317270540495,30.5,15.067934
434,1.7963470337622636,20.971169811915374,61.78685318211453,31.45183052096034,12.3,18.4,29.5,238.19522274112316,740.5066407719565,30.6,15.07533601
435,1.9109751847341279,21.108835519076464,62.4610854182412,30.922163004616884,12.3,18.4,29.5,239.65900057564212,743.8745021870484,30.8,15.51908104
436,1.8017352634770576,21.47505170027833,62.81972540543902,30.495389734579323,11.2,21.7,26.9,242.5986969974966,751.2069877007759,30.7,15.57591929
437,2.635349337759078,25.666292812271067,51.00843441448566,38.24335976246199,16.4,25.5,2.8,260.614331373299,744.2317292170452,29.6,13.41408
438,1.237851167738504,25.524233193108007,50.726109311284105,38.0316877004658,16.4,25.5,2.8,258.93976758054896,758.0097674193704,29.4,13.936473
439,2.1662059079506473,26.1960528336661,50.603465929452724,38.88931551732964,16.4,25.5,2.8,251.89423027696716,771.1213075308453,29.5,14.305354
440,2.277514147232725,25.909102443728273,50.755576420432924,39.44730631613673,16.4,25.5,2.8,250.2442459461517,781.361813890933,29.9,14.000093
441,2.092557868364244,25.816617556686573,50.697256669240346,39.393032160471456,17.6,25.8,5.8,248.9545089264611,776.2916975245419,30.3,14.366491
442,2.092557868364244,25.84813198241495,50.514473000015755,39.28588311299497,17.6,25.8,5.8,248.9545089264611,776.2916975245419,30.3,14.366491
443,2.550608794945947,25.229927143194033,49.817547692040364,40.13640482071268,17.6,25.8,5.8,247.84656629721107,790.3349923667912,30.4,13.742618
444,2.3456907936253852,24.728260033061314,49.250271663008576,39.89521349788057,17.6,25.8,5.8,249.0711126023931,794.7243505484053,30.3,15.05835
445,2.4529794874916306,24.7976139752876,48.28656643739729,39.06811126666261,19.0,23.2,4.6,248.35960801022583,801.9964696573134,30.6,14.127109
446,2.4133246778226582,24.674216195422197,47.45203404500865,39.160175033660316,19.0,23.2,4.6,248.82789959607618,801.791810925178,30.5,15.783596
447,2.42166090789944,24.600857857738593,46.514952936971284,39.15763135946622,19.0,23.2,4.6,251.58465387823188,805.2454426307637,30.8,15.294638
448,2.651661558098354,25.10539231108035,46.48048107432742,40.03859141341052,19.0,23.2,4.6,255.6950798944129,824.0495216522398,30.9,15.991944
449,2.1873135812288726,24.832093262065097,44.787990847116575,39.81088789498521,15.1,20.5,0.0,257.77357001035784,834.4823901965615,30.9,15.269481
450,2.0605762588833083,24.846920258040345,45.64293491623055,38.77044478006861,15.1,20.5,0.0,258.5789048505497,838.882839848735,31.2,16.03529
451,2.022860341837427,24.914944638265823,45.27628924882914,38.154435720077686,15.1,20.5,0.0,263.5547514132609,841.224220073354,31.3,15.565933
452,2.000782046049383,24.24342753087512,45.512796727965,37.53821037038728,15.1,20.5,0.0,269.3378010805936,846.664744850341,31.2,15.752581
453,2.000782046049383,24.24342753087512,45.512796727965,37.53821037038728,15.1,20.5,0.0,269.3378010805936,846.664744850341,31.2,15.752581
454,1.9093838259278413,24.225307291459487,45.151813062231135,36.96873952254039,14.6,18.6,0.0,274.8432998244049,857.0263619987157,31.5,15.531672
455,1.870899470899471,24.12698412698413,44.766137566137566,36.76331569664903,14.6,18.6,0.0,275.5781305114638,861.6776014109347,31.8,16.034966
456,1.8320144525584592,24.582354421289818,45.05681223830889,37.13787322346901,14.6,18.6,0.0,281.43756590869896,867.8348585984525,31.8,16.321879
457,1.9244756511378462,24.565365664524272,44.57425221385453,37.35463841083593,14.6,18.6,0.0,279.01217796871595,867.1489176239518,32.0,16.72465459
458,2.0569516715932985,24.54970397535072,44.04380197501501,38.174519404479774,0.0,17.6,0.0,279.4580800077385,867.2910543939959,32.2,17.4764359
459,1.9573430279270398,24.251679554170252,44.3094596365667,37.867607254990226,0.0,17.6,0.0,275.9597248893118,866.4419663462361,32.3,16.75945899
492,1.5357488197485922,13.992378135487174,67.54450827597975,36.175416642966844,3.6,34.7,30.4,86.62760935100393,636.8522837153745,30.1,14.551334
493,1.1320220744304514,14.716286967595869,65.68558086882695,34.95118154804019,3.6,34.7,30.4,91.04287533606906,665.9402858355737,30.4,12.993873
494,1.4115521427361526,13.833210998814295,63.802156851674106,34.44187228276213,3.6,34.7,30.4,94.00937270622777,680.7069053130823,30.9,17.921881
495,1.3283590526256288,18.370923068226784,62.29156068057204,32.58719122717766,3.6,34.7,30.4,97.53547001300096,696.314510202928,30.1,15.037945
496,1.5689350853108452,17.482419522035133,61.160451629170986,31.939035665256494,0.0,36.6,24.6,97.35802538312835,708.0099739444709,31.0,13.440745
497,1.3104698173706957,17.37069566429667,60.53255262791022,31.060922905339467,0.0,36.6,24.6,104.69817370695664,716.6875784190715,31.8,14.933301
498,1.1386358586980672,18.245945345478784,59.181293045989776,30.882026216396355,0.0,36.6,24.6,110.47544990002221,722.5894245723173,30.1,14.224969
499,1.1386358586980672,18.245945345478784,59.181293045989776,30.882026216396355,0.0,36.6,24.6,110.47544990002221,722.5894245723173,30.1,14.224969
500,1.3343340838962556,19.4868373502349,59.07208183915714,30.328301781891973,0.0,36.6,24.6,115.1975092430434,736.5802129374808,31.1,14.292762
501,1.1343200995988378,19.200442661502283,58.652649052427726,29.99031677963757,2.8,31.3,24.1,114.3449993083414,743.0626642689168,31.7,16.535212
502,1.2672525413923248,19.559767486707624,59.94655500151519,29.229455356896885,2.8,31.3,24.1,118.32281881043555,749.8553679164716,31.1,13.640409
503,1.0979057447918095,20.47594214036725,58.60071912826284,29.23174045508193,2.8,31.3,24.1,119.973650262125,755.6610764965827,31.0,18.94575985
504,1.2805492739013158,18.581587336185052,58.496580660981394,28.553524235076154,2.8,31.3,24.1,122.52404435604718,760.3465656758303,31.1,15.36729681
505,1.3036747331540781,18.441565496075395,58.55672343083734,28.517884787745455,1.4,30.9,24.6,125.45153317580596,765.4200277030881,30.5,17.07116536
506,3.534136546184739,23.76374183603099,49.21666463835139,53.46314551133828,24.2,1.6,8.9,258.7383878950144,645.823698835747,28.6,13.655861
507,1.4396399126865647,23.60977214030766,48.89778072978297,53.11674786472221,24.2,1.6,8.9,262.14827162603535,659.6210829058479,28.7,13.513041
508,3.0944990239687673,23.483951486447566,48.18074178373708,56.91222119107812,24.2,1.6,8.9,262.36039553265704,670.9622707926653,28.7,14.037121
509,2.776373568036207,23.25846738474167,47.19201190417708,58.09149672207264,23.8,2.2,11.9,265.23875703403434,689.2585085866325,28.8,13.93261
510,2.638064167859741,22.631648946573723,46.6965522097308,58.428583722549504,23.8,2.2,11.9,267.8965115278397,680.5595324711902,28.9,13.723512
511,2.638064167859741,23.02282097620892,46.89683228890401,58.64451068290813,23.8,2.2,11.9,267.8965115278397,680.5595324711902,28.9,13.723512
512,3.2915808608256016,22.668030387116207,46.11270874325211,58.318924067372684,23.8,2.2,11.9,280.46011805660663,681.432151085549,29.3,14.059477
513,3.2092668524265835,21.948364784148488,45.65767316826375,57.26238210663828,23.8,2.2,11.9,281.8717954526577,669.4273912813659,29.4,14.240937
514,3.017682009526233,21.22495867055335,44.826267523164574,56.408928648486174,22.5,0.4,15.6,284.3793291758365,668.0668830231579,29.6,14.546881
515,2.831840405669493,20.498514337190972,43.82741610908906,54.6854681109198,22.5,0.4,15.6,283.4324986015154,663.3466280176391,30.0,14.621314
516,2.63995917471341,20.68063051119987,42.60141463039146,54.10205751461813,22.5,0.4,15.6,293.5429335477231,643.9946630630939,30.0,14.886085
517,2.9595629212049666,21.17678726897254,43.552260609773704,56.34245129198731,22.5,0.4,15.6,299.4878596233462,649.3738092000208,30.0,14.721201
518,2.183364006039033,21.508546113749823,43.01158216060743,55.45469071994534,22.5,0.4,15.6,304.3333921073802,653.3162337590779,30.2,14.59946
519,2.28635702574773,21.48004510074133,43.1085195736128,54.85622776963761,24.6,0.0,17.1,312.14288437760433,662.0481074574185,30.0,14.757353
520,2.2965866130751977,21.946347146214237,62.89124374643869,34.794421469681986,24.6,0.0,17.1,315.2862459682962,659.8516359676689,30.6,14.548739
521,1.980442473924612,22.19330064114855,63.395171817830814,33.658329021361986,24.6,0.0,17.1,322.9119333478671,660.7520428237852,30.7,15.090759
522,1.980442473924612,22.19330064114855,63.395171817830814,33.658329021361986,24.6,0.0,17.1,322.9119333478671,660.7520428237852,30.7,15.090759
523,2.324778544802413,21.831972040594408,63.97666429189289,32.755069452435784,24.6,0.0,17.1,326.247370401354,662.6148974601989,30.4,14.510646
524,2.2833202942832895,21.00221451488363,64.4044127203366,32.57936194449187,24.6,0.0,17.1,330.8622846964025,664.8985375027713,30.7,14.423676
525,2.024891285024252,21.450482834444333,67.11392472094703,34.105422951373605,23.4,0.0,15.8,332.68862946632896,666.3304456147738,30.9,14.755258
526,1.9595943164256797,21.695687265765287,66.99910529378272,34.55443004711285,23.4,0.0,15.8,332.87075562006896,667.7323889907339,31.2,15.81253023
527,2.1214808631992628,21.735242169276287,67.16076800588252,34.77837480654529,23.4,0.0,15.8,329.48411249313745,665.3649617810503,31.1,15.43287311
528,1.9514901284055959,21.49830257179397,66.37275670686654,34.783163672336215,23.4,0.0,15.8,326.08786369516497,666.586070533481,31.1,15.93742273
529,2.525105938352586,24.36219306901956,79.15263830034249,36.54147559064259,17.0,53.6,0.0,165.47788355488476,682.8307308295118,28.3,13.598284
530,1.4121736611507405,24.31473367853134,78.99844298801463,36.47029003874425,17.0,53.6,0.0,166.04627584458848,696.4876706376507,28.5,14.19179
531,2.0221321102367296,22.911511067850974,75.69167334125903,37.436381856123326,13.5,54.1,4.6,162.2554495203273,710.3107187368678,28.7,13.667439
532,1.9691126552808829,22.346229717961933,74.65211750697543,37.69748884821127,13.5,54.1,4.6,162.69349019886616,740.3081625761964,28.9,14.896068
533,2.161342839499242,21.666058496603604,73.61196878684106,37.798938977151515,13.5,54.1,4.6,165.3322012013698,730.793521585359,29.1,13.711067
534,2.161342839499242,21.501150844888567,72.61550552966935,38.89364509066412,13.5,54.1,4.6,165.3322012013698,730.793521585359,29.1,13.711067
535,2.184686615793535,20.790534167881333,69.9442681985767,38.52868044242476,8.0,53.2,6.4,173.63628568978822,742.6013890079739,29.3,14.941501
536,2.6170368761201326,20.59346657253028,68.3111117145495,37.5651713463314,8.0,53.2,6.4,179.35358170857546,758.1090805409222,29.6,15.811661
537,2.2707482081854113,19.308058141871523,66.67224864357961,36.69703262107308,8.0,53.2,6.4,182.00817201420054,762.1039587380266,29.8,16.040557
538,2.166593567492522,18.90245712156338,64.80654001272914,35.20302333787318,8.0,53.2,6.4,188.17046507563293,759.0398395995264,29.9,16.753906
539,2.065766187799292,19.008302102852383,63.092077867999166,34.678846554236934,7.0,48.5,11.5,197.00252446387677,772.5347439100561,30.1,16.34238
540,2.6192577810185362,18.836908828082027,59.437003492343706,34.296606158294,7.0,48.5,11.5,200.8225556792161,777.6733059574522,30.1,15.614132
541,2.157578969282889,19.251029896978757,59.822346714108164,33.761063900928015,7.0,48.5,11.5,207.15912460333982,790.6769877169407,29.9,15.310378
542,2.1570748324692604,19.19920927977323,59.51848122039462,32.85653898275583,7.0,48.5,11.5,208.97517188218768,803.6409185284647,30.3,15.557299
543,1.9326566996217251,19.170608939760434,58.47203916687818,32.475971756301774,4.8,43.8,17.2,212.8307610447355,804.566207252967,30.3,15.008879
544,1.9682725318977703,19.34814913055404,58.345867381232985,31.242181919020506,4.8,43.8,17.2,219.24687201405823,808.0858926402282,30.5,15.762381
545,1.9682725318977703,19.34814913055404,58.345867381232985,31.242181919020506,4.8,43.8,17.2,219.24687201405823,808.0858926402282,30.5,15.762381
546,2.067346646966303,19.410418950479002,58.401053333968825,30.560387970068156,4.8,43.8,17.2,224.24455459701633,817.0606739430914,30.5,16.036157
547,2.004858834351487,18.92232941009977,59.65929193103286,29.53333962308654,4.8,43.8,17.2,227.2684388046324,826.5974007594878,30.6,16.513715
548,1.9123594650079219,19.270023399314127,59.84835838729233,30.59775144012675,3.3,41.7,16.4,230.57256569525836,837.106802201117,30.5,16.646977
549,2.07294558881249,19.749676556526293,59.24902966957887,30.503990347574536,3.3,41.7,16.4,227.88155427308803,844.909944614848,31.0,15.35417847
550,2.057738224441068,19.758338759858187,59.30106359887128,30.95289776427176,3.3,41.7,16.4,225.96338904565516,849.1831271253889,30.8,16.46809207
551,2.020068693813253,19.646889696788836,59.675239524480425,30.708487444871352,3.3,41.7,16.4,223.87755629076364,855.7802945742218,31.1,16.59985843
552,2.761922297919352,18.024100329384808,66.48049264510321,33.49086519773318,6.1,33.6,12.6,184.8953538329344,667.8941876879642,29.8,14.133081
553,1.247635529440174,17.72849841027086,65.39018795025555,32.94160260796072,6.1,33.6,12.6,187.32643779933193,683.54328490361,30.1,14.143599
554,2.2272376314070206,19.520500485042863,64.7284749856467,33.606541149452596,6.1,33.6,12.6,189.86953336896914,698.1944526934727,30.4,15.107124
555,2.216645346509516,19.38344058511625,65.02485181677034,33.464509262062165,8.3,29.0,21.3,193.28756823264035,725.4191607995547,30.0,15.167552
556,1.7463962486250748,19.220007332934525,63.91231354084252,33.374500685050464,8.3,29.0,21.3,195.88583778776945,716.7750525848594,30.4,14.661208
557,1.7463962486250748,18.998089577584377,64.02809671754694,34.387603481214185,8.3,29.0,21.3,195.88583778776945,716.7750525848594,30.4,14.661208
558,2.7324969951923075,18.66736778846154,61.75818810096153,34.01066706730769,8.3,29.0,21.3,201.05919471153845,730.7410606971155,30.9,15.936625
559,2.444691194446259,18.568456018885705,61.350551921695235,33.815117895699395,6.8,28.7,19.8,204.3369941495367,724.6549906224632,30.2,16.484243
560,2.336427190515022,17.976745677609696,60.921193685232865,32.27934506738989,6.8,28.7,19.8,205.29406913991994,728.0307125644808,31.2,17.367684
561,2.328235976228439,17.575010871140744,60.00869691259603,32.74025221046528,6.8,28.7,19.8,217.39563704884765,738.186693723728,31.2,15.994938
562,2.2093966994318692,18.540896383803773,58.95031111912706,31.98665344034629,6.8,28.7,19.8,228.0367932185048,738.7501127243214,30.6,17.302285
563,2.4755757924052872,17.762256310507937,61.71256796781751,33.83581627691083,9.1,26.5,22.7,228.84045798152158,743.6364440122011,31.2,16.977238
564,2.102446483180428,19.408534890186267,60.0413539060328,33.23081734778983,9.1,26.5,22.7,232.6417848206839,752.1458854601057,31.3,16.567454
565,2.093073128886983,20.476088355136177,59.395239116448636,32.12524126099078,9.1,26.5,22.7,243.24254771606263,765.1726356422903,31.1,17.921155
566,1.93873922687482,19.429722819553326,58.94105894105894,32.526795238659645,9.1,26.5,22.7,249.3692747930036,773.5315531925702,31.1,16.933425
567,1.707067258449983,20.193356593859555,58.58987917294673,31.85970405282749,9.3,26.8,23.6,254.3363671943309,782.4946498013973,31.0,17.760566
568,1.707067258449983,20.193356593859555,58.58987917294673,31.85970405282749,9.3,26.8,23.6,254.3363671943309,782.4946498013973,31.0,17.760566
569,1.8176756677092374,20.624887418736797,58.39487775721748,31.211620023908168,9.3,26.8,23.6,259.0842844744297,791.2129300604255,31.1,16.324929
570,1.799141575499403,20.169748604253396,59.169974505437764,30.359505599122212,9.3,26.8,23.6,266.0551198889857,801.0617355665279,31.9,17.05663
571,1.5228709705711165,20.172060500235208,62.318112596774064,31.254734055700403,9.3,26.8,23.6,272.1952464100908,812.455649372912,31.1,16.809927
572,1.8606558023289734,20.28587872623919,62.497536207888864,31.323667384122928,11.8,25.6,22.4,275.87375923429283,844.501210214685,31.1,16.77352029
573,1.9115964964510115,20.60450321994328,61.703827893640025,31.901725137493933,11.8,25.6,22.4,281.41207439557513,854.514971561085,31.5,17.06688187
574,1.6926254328617794,21.025824184356413,61.88176467847882,32.35399164557355,11.8,25.6,22.4,280.81277078124754,876.0656552323866,31.6,15.03256001
575,3.1938086167755046,20.71970825209062,61.65268749650625,30.872648967226752,22.1,6.7,28.9,209.8469091057753,598.7164693897473,29.4,12.011079
576,1.631663347493123,20.496068574428033,60.9872347309076,30.539422785679328,22.1,6.7,28.9,212.50991419117946,606.9688613927984,29.4,11.600942
577,2.2071330824634803,20.013350384006927,60.5698282951527,30.484191857569822,22.1,6.7,28.9,212.79925276971565,616.4389032472078,29.3,12.459978
578,2.383768142094816,20.16012090433348,60.595563403882345,30.790808434946253,22.1,6.7,28.9,217.23789023227036,629.0851937305046,29.4,12.256985
579,2.5746203875051705,19.911304407657294,60.19475267082863,30.766633623838203,26.5,6.4,30.3,220.5764813468033,624.7662799935675,29.5,12.731778
580,2.5746203875051705,19.76569194323034,59.877125481941256,31.26507629053047,26.5,6.4,30.3,220.5764813468033,624.7662799935675,29.5,12.731778
581,3.422940617166566,19.56246709466521,58.65046872912721,30.74595902843807,26.5,6.4,30.3,221.709270071272,642.4465067303687,30.0,13.65351
582,3.1431748869983456,19.01870017725139,58.42442517904259,30.46994981511652,26.5,6.4,30.3,222.1132789014775,645.7744701927959,30.2,13.63414
583,2.9443997898386853,18.771504634179355,57.5251593226198,29.772852939849354,19.5,7.2,30.5,218.3276268061216,651.2354625040247,30.2,13.565192
584,2.9480906442204593,18.84331899931494,56.569725082481256,29.176267907831086,19.5,7.2,30.5,224.9838113882288,632.6381922179111,30.7,13.585862
585,2.9282977761365565,19.230413447228845,56.319225159235906,29.026927463022563,19.5,7.2,30.5,232.0326323524732,618.465814695067,30.6,13.30553
586,3.189208400457953,19.40981801338317,56.58496156053451,29.193747141438006,19.5,7.2,30.5,233.19165547518404,618.7763461095882,30.7,13.296676
587,2.405206564799095,19.24955256981491,56.23328420937722,28.662822932556544,19.3,4.9,29.6,237.54520983972952,621.8934843248616,30.7,13.769832
588,2.3612516195445754,19.722059528246632,55.74286069254388,28.261185950339883,19.3,4.9,29.6,242.9462399943205,627.7287329393181,30.6,13.420301
589,2.241259089550752,20.12363051703988,55.63373266794712,27.940328493523147,19.3,4.9,29.6,246.295082979198,628.2287809935617,30.7,13.73054
590,2.201397444885554,20.754255182341254,56.10383073576732,27.612880387512323,19.3,4.9,29.6,249.88764852864512,626.4095788444599,30.8,14.12699
591,2.201397444885554,20.754255182341254,56.10383073576732,27.612880387512323,19.3,4.9,29.6,249.88764852864512,626.4095788444599,30.8,14.12699
592,2.1323982695318677,21.170548217977885,56.579134002171266,27.264965657954313,19.7,4.9,30.0,254.55734494252684,631.065094406529,30.7,14.057385
593,2.1458780391258148,21.322352817834243,57.36141008314017,27.049622673590648,19.7,4.9,30.0,257.4327825378083,630.7389468463389,30.9,14.004915
594,1.9802625193938097,21.5502284713756,59.4264883211708,28.198300125104197,19.7,4.9,30.0,262.79725541863377,629.5546370316403,31.0,14.271356
595,2.0026719825795154,21.842668616302248,60.26030790917363,28.184024910451765,19.7,4.9,30.0,264.52364546788624,627.0335733559155,31.1,14.12460296
596,2.0139351317990615,22.233843855061636,61.002744798687694,28.157411768527393,19.3,4.3,24.5,265.3158142632083,623.3350116126098,31.4,14.18779585
597,1.8172770713450233,22.12919468811779,61.85565683011002,28.32712017267673,19.3,4.3,24.5,268.2978171431735,624.714581926494,31.5,14.69957998
